"","coef","Gene","Annotation","Non.unique.Gene.name"
"1",0.29876144136459,"LICD","LPS BIOSYNTHESIS PROTEIN",""
"2",0.272971570972702,"GROUP_2485","MEMBRANE PROTEIN","LEUB"
"3",0.26021441886026,"GROUP_10743","DPND PROTEIN","DPND"
"4",0.257905458564229,"YECS_3","AMINO ACID ABC TRANSPORTER PERMEASE",""
"5",0.24234831708631,"GROUP_9793","PUTATIVE TRANSCRIPTIONAL REGULATOR",""
"6",0.231020985128312,"GROUP_11603","NIF3 (NGG1P INTERACTING FACTOR 3) FAMILY PROTEIN",""
"7",0.225576994638389,"AROD","3-DEHYDROQUINATE DEHYDRATASE (3-DEHYDROQUINASE) (TYPE I DHQASE)",""
"8",0.221418201029661,"GROUP_2041","N-ACETYLNEURAMINATE LYASE SUBUNIT TRUNCATION","NPL-TRUNCATION"
"9",0.200947013783697,"GROUP_7283","ABC TRANSPORTER SPERMIDINE/PUTRESCINE-BINDING PROTEIN","POTD_2"
"10",0.192966992962598,"GROUP_12757","ABC TRANSPORTER ATP-BINDING PROTEIN","MACB_1"
"11",0.192673936289116,"GROUP_9792","PUTATIVE TRANSCRIPTIONAL REGULATOR",""
"12",0.191627790416123,"GROUP_11602","NIF3 (NGG1P INTERACTING FACTOR 3) FAMILY PROTEIN",""
"13",0.186160601258194,"GROUP_8337","DPS FAMILY PEROXIDE RESISTANCE PROTEIN","DPS"
"14",0.182458442995791,"POTD_2","ABC TRANSPORTER SPERMIDINE/PUTRESCINE-BINDING PROTEIN",""
"15",0.181239826466985,"GROUP_5295","AMINO ACID ABC TRANSPORTER ATP-BINDING PROTEIN","GLNQ_2"
"16",0.158273342702621,"GROUP_5302","ABC TRANSPORTER ATP-BINDING PROTEIN","TCYC"
"17",0.154972550860656,"GROUP_1183","SERINE PROTEASE","PRTP"
"18",0.142840582754132,"GROUP_2564","CHOLINE BINDING PROTEIN E CBPE","LYTB_3"
"19",0.141418183353776,"GROUP_2943","MULTIDRUG RESISTANCE PROTEIN 1 (ATP-BINDING CASSETTESUB-FAMILY B MEMBER 1) (P-GLYCOPROTEIN 1) (ANTIGEN)","HLYB"
"20",0.138034220847215,"DPS","DPS FAMILY PEROXIDE RESISTANCE PROTEIN",""
"21",0.131752874011099,"GROUP_9023","HELICASE",""
"22",0.130589552930433,"GROUP_17375","COPPER-SENSING TRANSCRIPTIONAL REPRESSOR CSOR",""
"23",0.130161006673173,"FTSE_2","ANTIMICROBIAL PEPTIDE ABC TRANSPORTER ATPASE",""
"24",0.126653118329768,"GROUP_9529","GLUTAMATE DEHYDROGENASE","GDHA"
"25",0.12653584830383,"GROUP_12708","S-RIBOSYLHOMOCYSTEINASE","LUXS"
"26",0.123987367894455,"GROUP_3272","ABC TRANSPORTER ATP-BINDING PROTEIN","YBHF"
"27",0.122537833790409,"GROUP_8025","HEMERYTHRIN HHE CATION BINDING DOMAIN SUBFAMILY",""
"28",0.118167150316406,"BAG","SURFACE PROTEIN PSPC",""
"29",0.117529126330428,"YBHF","ABC TRANSPORTER ATP-BINDING PROTEIN",""
"30",0.11590162705295,"GROUP_6627","POLYRIBONUCLEOTIDE NUCLEOTIDYLTRANSFERASE","PNPA"
"31",0.114818435215581,"GROUP_12755","ABC TRANSPORTER ATP-BINDING PROTEIN","MACB_1"
"32",0.110927386108197,"LUXS","S-RIBOSYLHOMOCYSTEINASE",""
"33",0.10876542288888,"KFOC_3","CELL WALL BIOSYNTHESIS GLYCOSYLTRANSFERASE",""
"34",0.108559800344079,"GROUP_12342","PTS SYSTEM TRANSPORTER SUBUNIT IID","MANZ_3"
"35",0.107690196409243,"GROUP_12259","BACTERIOCIN BLPJ","BLPK"
"36",0.107527773827189,"GROUP_3223","CHOLINE BINDING PROTEIN G","CBPG"
"37",0.105713948411928,"GROUP_19726","GLYCOSYL TRANSFERASE","WEFM"
"38",0.104430834735672,"GLPK","GLYCEROL KINASE",""
"39",0.103289687598104,"GROUP_12343","PTS SYSTEM TRANSPORTER SUBUNIT IID","MANZ_3"
"40",0.101876321790818,"GROUP_12260","BACTERIOCIN BLPJ","BLPK"
"41",0.100948282929566,"GROUP_12510","ABC TRANSPORTER ATP-BINDING PROTEIN",""
"42",0.100567397497203,"YYCG","SIGNAL TRANSDUCTION HISTIDINE KINASE",""
"43",0.099995492236695,"CLPC_1","GROUP II INTRON MATURASE",""
"44",0.0996238300172561,"PHOB","DNA-BINDING RESPONSE REGULATOR",""
"45",0.0992829508989785,"GROUP_9760","78-DIHYDRO-8-OXOGUANINE-TRIPHOSPHATASE",""
"46",0.0988297334912866,"GROUP_7863","GLYCEROL KINASE","GLPK"
"47",0.0986786272903638,"GROUP_8707","SIGNAL TRANSDUCTION HISTIDINE KINASE","YYCG"
"48",0.0972332093247084,"GROUP_6350","GLYOXALASE FAMILY PROTEIN","CATE"
"49",0.0962237372176121,"GROUP_8786","ATP-DEPENDENT ZN PROTEASE",""
"50",0.0957435730098967,"DPND","DPND PROTEIN",""
"51",0.0956465025030854,"GROUP_12666","DNA-BINDING RESPONSE REGULATOR","PHOB"
"52",0.0949970853228238,"CBPA","CHOLINE BINDING PROTEIN A",""
"53",0.092492966558136,"GSPA_3","GLYCOSYL TRANSFERASE",""
"54",0.0914722087402665,"NANA_2","N-ACETYLNEURAMINATE LYASE",""
"55",0.0909674526027221,"GSPA_1","GLYCOSYL TRANSFERASE FAMILY 8",""
"56",0.0897018641723581,"GROUP_5649","YWNB",""
"57",0.0894478297329747,"GROUP_2982","RADICAL SAM SUPERFAMILY PROTEIN (PSEUDOGENE)",""
"58",0.0893476399769494,"GROUP_5843","REGULATORY PROTEIN",""
"59",0.0887461885769854,"GROUP_2509","IRON ABC TRANSPORTER MEMBRANE-SPANNING PERMEASE","YDCU"
"60",0.0875169007258422,"FLIY","ABC TRANSPORTER SUBSTRATE BINDING LIPOPROTEIN-AMINO ACID TRANSPORT",""
"61",0.0874580520063334,"PULA_1","PULLULANASE",""
"62",0.086774957275827,"GROUP_2506","IRON ABC TRANSPORTER PERMEASE","CYSW"
"63",0.0854554697834621,"GROUP_5639","PULLULANASE","PULA_1"
"64",0.0838484928676331,"GROUP_4733","GLYOXALASE-LIKE PROTEIN",""
"65",0.0834299594681276,"GROUP_8991","V8-LIKE GLU-SPECIFIC ENDOPEPTIDASE",""
"66",0.0825673960839551,"GROUP_9522","GLUTAMATE DEHYDROGENASE","GDHA"
"67",0.0824371795273727,"GLPE","RHODANESE-LIKE DOMAIN-CONTAINING PROTEIN",""
"68",0.0823455555906291,"GROUP_536","PHAGE HYALURONIDASE","PBLB"
"69",0.0822519114234428,"GROUP_8789","ATP-DEPENDENT ZN PROTEASE",""
"70",0.0813591141687288,"GROUP_19728","GLYCOSYL TRANSFERASE FAMILY 2 PROTEIN","WEFD"
"71",0.0812914049463403,"GROUP_15445","EXOPOLYSACCHARIDE BIOSYNTHESIS PROTEIN GLYCOSYL TRANSFERASE","EPSK"
"72",0.0807191449762567,"GROUP_12512","ABC TRANSPORTER ATP-BINDING PROTEIN",""
"73",0.0790558423651515,"PNPA","POLYRIBONUCLEOTIDE NUCLEOTIDYLTRANSFERASE",""
"74",0.0786032729984079,"GLPO","ALPHA-GLYCEROPHOSPHATE OXIDASE",""
"75",0.0783013860382895,"GROUP_4484","ALPHA-GLYCEROPHOSPHATE OXIDASE","GLPO"
"76",0.077703827565096,"GROUP_3929","IRON ABC TRANSPORTER IRON-BINDING PROTEIN","POTD_1"
"77",0.0769630830389883,"GROUP_4953","ZINC METALLOPEPTIDASE",""
"78",0.0768738398060758,"GROUP_149","CHLOROHYDROLASE",""
"79",0.0759393228719086,"GROUP_4430","GROUP II INTRON MATURASE","CLPC_1"
"80",0.0731312087110662,"BTR","ARAC FAMILY TRANSCRIPTIONAL REGULATOR",""
"81",0.0726534006625253,"AGAS","TAGATOSE-6-PHOSPHATE KETOSE/ALDOSE ISOMERASE",""
"82",0.0725481139386382,"GROUP_2641","PTS SYSTEM GALACTOSE-SPECIFIC TRANSPORTER SUBUNIT IIB","LEPA"
"83",0.0716232484185578,"GROUP_4735","GLYOXALASE",""
"84",0.0712504293344045,"GROUP_199","CHOLINE BINDING PROTEIN A","CBPA"
"85",0.0711257349623191,"HLYB","MULTIDRUG RESISTANCE PROTEIN 1 (ATP-BINDING CASSETTESUB-FAMILY B MEMBER 1) (P-GLYCOPROTEIN 1)(ANTIGEN)",""
"86",0.0708703390345643,"GROUP_13496","TAGATOSE-6-PHOSPHATE KETOSE/ALDOSE ISOMERASE","AGAS"
"87",0.0702663934279825,"GROUP_114","N-ETHYLAMMELINE CHLOROHYDROLASE",""
"88",0.0702192453520295,"GROUP_3936","IRON ABC TRANSPORTER IRON-BINDING PROTEIN",""
"89",0.0685101034865157,"GROUP_622","PNEUMOCOCCAL HISTIDINE TRIAD PROTEIN A PRECURSOR","PHTA"
"90",0.0683038582859386,"GROUP_14037","PYRUVATE FORMATE-LYASE 3","HPDA"
"91",0.0682170497503737,"GROUP_2045","GLUCOKINASE","NANA_3"
"92",0.065534099738361,"GROUP_12707","S-RIBOSYLHOMOCYSTEINASE","LUXS"
"93",0.065000026050669,"GROUP_2355","AQUAPORIN Z","AQPZ"
"94",0.06455557308502,"GROUP_4006","OLIGOPEPTIDE BINDING LIPOPROTEIN","SARA_1"
"95",0.0632916357714081,"GROUP_8044","PHOSPHORYLASE PNP/UDP FAMILY PROTEIN","DEOD_1"
"96",0.063048580951613,"YDCU","IRON ABC TRANSPORTER MEMBRANE-SPANNING PERMEASE",""
"97",0.0619241840676505,"SCRA","PUTATIVE SUCROSE-SPECIFIC PHOSPHOTRANSFERASE SYSTEM (PTS) IIABC COMPONENT",""
"98",0.0593020314630323,"VRAR_1","RESPONSE REGULATOR",""
"99",0.0591711074399202,"GROUP_4945","ZINC METALLOPEPTIDASE",""
"100",0.0591638513540675,"GROUP_2563","CHOLINE BINDING PROTEIN E CBPE","LYTB_3"
"101",0.0588740666433699,"MRAY","UDP-PHOSPHATE-UDP-MURNAC-PENTAPEPTIDE PHOSPHO-MURNAC-PENTAPEPTIDE TRANSFERASE",""
"102",0.0587286504851744,"HPDA","PYRUVATE FORMATE-LYASE 3",""
"103",0.0586845166658959,"GROUP_5108","UDP-PHOSPHATE-UDP-MURNAC-PENTAPEPTIDE PHOSPHO-MURNAC-PENTAPEPTIDE TRANSFERASE","MRAY"
"104",0.058268295765799,"GROUP_9750","GFO/IDH/MOCA FAMILY OXIDOREDUCTASE","AFR"
"105",0.0576090589290173,"GROUP_456","FUSION OF IS1381 ORF A AND B","IS1381-TRUNCATION"
"106",0.0574302785471209,"GROUP_9623","MEMBRANE PROTEIN",""
"107",0.0573338621388491,"GROUP_2479","MEMBRANE PROTEIN",""
"108",0.0567743839298042,"GROUP_8097","16S RIBOSOMAL RNA METHYLTRANSFERASE RSME","RSME"
"109",0.0561519077701411,"YIDA_3","COF FAMILY PROTEIN",""
"110",0.0558380276084514,"RSME","16S RIBOSOMAL RNA METHYLTRANSFERASE RSME",""
"111",0.0555912786990179,"PDXK","PHOSPHOMETHYLPYRIMIDINE KINASE",""
"112",0.0549933743516557,"GROUP_9233","COF FAMILY PROTEIN","YIDA_3"
"113",0.0548070450813651,"GROUP_2983","PUTATIVE FE-S OXIDOREDUCTASE",""
"114",0.05446474943685,"ARCC","CARBAMATE KINASE",""
"115",0.0544424105233343,"ALIB2","LIPOPROTEIN PUTATIVE",""
"116",0.0542960705753089,"GROUP_6343","GLYOXALASE FAMILY PROTEIN","CATE"
"117",0.0541351588448469,"GROUP_10218","PUTATIVE SUCROSE-SPECIFIC PHOSPHOTRANSFERASE SYSTEM (PTS) IIABC COMPONENT","SCRA"
"118",0.0536801642737204,"GROUP_8862","DNA MISMATCH REPAIR PROTEIN MUTS","HEXA"
"119",0.0532091618274917,"BLPO","BACTERIOCIN BLPO",""
"120",0.0531805609354663,"LTRA_1","GROUP II INTRON MATURASE",""
"121",0.0525421845104458,"GROUP_15624","CARBAMATE KINASE","ARCC"
"122",0.052386625447439,"GROUP_5141","PTS SYSTEM TRANSPORTER SUBUNIT IIBC","PTSG_1"
"123",0.0519584854406225,"GROUP_7553","GNAT FAMILY ACETYLTRANSFERASE",""
"124",0.0517443382049547,"GROUP_5966","ABC TRANSPORTER ATP-BINDING PROTEIN","MSBA_1"
"125",0.0517430728887315,"GROUP_4547","INTEGRAL MEMBRANE PROTEIN",""
"126",0.0517102568914088,"GROUP_8769","PHOSPHOMETHYLPYRIMIDINE KINASE","PDXK"
"127",0.0507948804488268,"GROUP_2478","MEMBRANE PROTEIN",""
"128",0.0504450038049514,"GROUP_13697","PHAGE INTEGRASE FAMILY INTEGRASE/RECOMBINASE","INT-TN_2"
"129",0.0503994419796579,"GROUP_3925","IRON ABC TRANSPORTER IRON-BINDING PROTEIN","POTD_1"
"130",0.0500940560945257,"GROUP_8935","PHAGE PROTEIN",""
"131",0.0497251730564768,"DNAA","DNA BIOSYNTHESIS INITIATION BINDING PROTEIN",""
"132",0.0489312717571637,"GROUP_15047","VNCR RESPONSE REGULATOR","REGX3"
"133",0.048682708206909,"ECFA1_2","ABC TRANSPORTER ATP-BINDING PROTEIN",""
"134",0.0482279717111859,"GROUP_16694","DNA BIOSYNTHESIS INITIATION BINDING PROTEIN","DNAA"
"135",0.0480783155553066,"REGX3","VNCR RESPONSE REGULATOR",""
"136",0.0477567165633156,"GROUP_985","CHLOROHYDROLASE",""
"137",0.0470241756308993,"GROUP_5772","GLYCOSYLTRANSFERASE INVOLVED IN CELL WALL BIOGENESIS","KFOC_2"
"138",0.0466094995709026,"DEOD_1","PHOSPHORYLASE PNP/UDP FAMILY PROTEIN",""
"139",0.0461484306225571,"GROUP_13556","PHAGE REPLICATION PROTEIN",""
"140",0.0456446689723785,"GROUP_3705","TYPE II DNA MODIFICATION METHYLTRANSFERASE","HHAIM"
"141",0.044929364185263,"GROUP_6223","PHAGE PROTEIN",""
"142",0.0449094266072365,"GROUP_11651","CYTIDINE DEAMINASE","CDD"
"143",0.0449042840252713,"GROUP_10155","BINDING-PROTEIN-DEPENDENT TRANSPORT SYSTEMS INNER MEMBRANE COMPONENT","POTH"
"144",0.0433545055474878,"GROUP_18233","CRO/CI FAMILY TRANSCRIPTIONAL REGULATOR",""
"145",0.0413368377945973,"GROUP_5844","REGULATORY PROTEIN",""
"146",0.0411613285755016,"LOLD","ABC TRANSPORTER ATP-BINDING PROTEIN VEXP2",""
"147",0.0411202885507483,"GROUP_6776","PTS SYSTEM MANNITOL-SPECIFIC TRANSPORTER SUBUNIT EIIBC","MTLA"
"148",0.0410317398279823,"YHAP","NA+ EXPORT ABC ABC TRANSPORTER MEMBRANE-SPANNING PERMEASE",""
"149",0.0408107376580462,"GROUP_5930","POLAR AMINO ACID ABC UPTAKE TRANSPORTER SUBSTRATE BINDING PROTEIN","FLIY"
"150",0.0405642025506995,"PEPQ","X-PRO DIPEPTIDASE",""
"151",0.0404114849414381,"GROUP_3158","RIBOSOMAL RNA LARGE SUBUNIT METHYLTRANSFERASE N","RLMN"
"152",0.0401633450349844,"GROUP_10647","RESPONSE REGULATOR","VRAR_1"
"153",0.0398108588041359,"GROUP_490","INTEGRASE/RECOMBINASE PHAGE INTEGRASE FAMILY","XERC_1"
"154",0.0397699981711708,"GROUP_8225","ABC TRANSPORTER ATP-BINDING PROTEIN/PERMEASE","MSBA_1"
"155",0.0397242531895706,"MACB_5","ABC TRANSPORTER ATP-BINDING PROTEIN",""
"156",0.0395020199950991,"GROUP_14296","X-PRO DIPEPTIDASE","PEPQ"
"157",0.0392782135717238,"GROUP_6531","COMPETENCE PROTEIN","COMEA"
"158",0.0391102391050429,"GROUP_15637","ABC TRANSPORTER ATP-BINDING PROTEIN VEXP2","LOLD"
"159",0.0388378796887158,"GROUP_9968","XRE FAMILY TRANSCRIPTIONAL REGULATOR",""
"160",0.038620287273502,"POTH","BINDING-PROTEIN-DEPENDENT TRANSPORT SYSTEMS INNER MEMBRANE COMPONENT",""
"161",0.0385784871730959,"GROUP_8067","S1 RNA-BINDING DOMAIN-CONTAINING PROTEIN","YHGF"
"162",0.0384267969594602,"GROUP_2284","PTS SYSTEM TRANSPORTER SUBUNIT IIA",""
"163",0.038289133429707,"ALD_2","ALANINE DEHYDROGENASE",""
"164",0.0381371517892976,"GROUP_7642","NADP-DEPENDENT GLYCERALDEHYDE-3-PHOSPHATE DEHYDROGENASE","GAPN"
"165",0.0380959985907463,"GLGA","GLYCOGEN SYNTHASE",""
"166",0.0380930364830124,"GROUP_8281","SECRETED PROTEIN",""
"167",0.0379688423509539,"GROUP_6123","14-ALPHA-GLUCAN BRANCHING ENZYME","GLGB"
"168",0.0377787758775084,"GROUP_10544","ABC TRANSPORTER ATP-BINDING PROTEIN","MACB_2"
"169",0.0377680770110129,"GROUP_14135","PUTATIVE ATP-DEPENDENTEND NUCLEASE OF THE OLD FAMILY",""
"170",0.037755960395724,"COMEA","COMPETENCE PROTEIN",""
"171",0.0377087961619454,"GROUP_12114","FRUCTOKINASE","SCRK"
"172",0.037669797677577,"LAGD_1","BACTERIOCIN ABC TRANSOPORTER",""
"173",0.0375555628068041,"NANM","N-ACETYLNEURAMINATE EPIMERASE PRECURSOR",""
"174",0.0374566413030026,"GROUP_14033","BIFUNCTIONAL METHIONINE SULFOXIDE REDUCTASE","MSRA"
"175",0.0370012931654244,"GROUP_8224","ABC TRANSPORTER ATP-BINDING PROTEIN/PERMEASE","MSBA_2"
"176",0.0368978831572648,"SCRK","FRUCTOKINASE",""
"177",0.0367428399632104,"GROUP_2579","ABC-TYPE TRANSPORT SYSTEM INVOLVED IN MULTI-COPPER ENZYME MATURATION PERMEASE COMPONENT",""
"178",0.036471378467398,"GROUP_11918","TFOX N- DOMAIN FAMILY PROTEIN",""
"179",0.0362995271427441,"GROUP_5076","GLUCOSE-1-PHOSPHATE ADENYLYLTRANSFERASE","GLGC"
"180",0.0360723456053738,"VEXP3","ABC TRANSPORTER TRANSMEMBRANE PROTEIN VEXP3",""
"181",0.0360306872484775,"GROUP_6469","LEADER PEPTIDASE",""
"182",0.0354055578628599,"MTLA","PTS SYSTEM MANNITOL-SPECIFIC TRANSPORTER SUBUNIT EIIBC",""
"183",0.0352774821087859,"GROUP_10187","COBALT TRANSPORT PROTEIN","YKOC"
"184",0.0352312093677807,"GROUP_8897","PHAGE PROTEIN",""
"185",0.0348746528571189,"GROUP_7905","PHAGE PROTEIN",""
"186",0.0346541981882977,"GROUP_9439","TRK TRANSPORTER MEMBRANE-SPANNING PROTEIN - K+ TRANSPORT","KTRB"
"187",0.03446442807604,"GROUP_16699","XRE FAMILY TRANSCRIPTIONAL REGULATOR",""
"188",0.03437997332324,"GROUP_15185","ABC TRANSPORTER TRANSMEMBRANE PROTEIN VEXP3","VEXP3"
"189",0.0342978417401643,"GROUP_1987","PEPTIDASE U32 FAMILY","YHBU_1"
"190",0.0342851121743054,"GROUP_5320","TRANSPORTER MAJOR FACILITATOR FAMILY PROTEIN",""
"191",0.0342557030229742,"CGLC","COMPETENCE PROTEIN COMGC",""
"192",0.0338743536771127,"GROUP_7395","ABC TRANSPORTER ATP-BINDING PROTEIN","MGLA"
"193",0.0338517743341662,"GROUP_5240","PHAGE ANTIREPRESSOR PROTEIN",""
"194",0.033826173984216,"GROUP_2578","ABC-TYPE TRANSPORT SYSTEM INVOLVED IN MULTI-COPPER ENZYME MATURATION PERMEASE COMPONENT",""
"195",0.0337053169805344,"MGLA","ABC TRANSPORTER ATP-BINDING PROTEIN",""
"196",0.0336824283424092,"GROUP_6869","SITE-SPECIFIC RECOMBINASE/RESOLVASE","HIN"
"197",0.0336778730598855,"GROUP_3460","HELIX-TURN-HELIX DOMAIN PROTEIN",""
"198",0.0336167995456367,"UBIE_2","METHYLTRANSFERASE SMALL DOMAIN SUPERFAMILY",""
"199",0.0333741207191342,"GROUP_7067","COMPETENCE PROTEIN COMGF",""
"200",0.0333194394342906,"RLMN","RIBOSOMAL RNA LARGE SUBUNIT METHYLTRANSFERASE N",""
"201",0.0332975731584925,"GROUP_17343","PHAGE REPLICATION PROTEIN",""
"202",0.0332798008085046,"GROUP_14815","CHLOROHYDROLASE",""
"203",0.0332620998156851,"GROUP_12997","IRON ABC TRANSPORTER SUBSTRATE-BINDING PROTEIN","YHFQ"
"204",0.0332602265951675,"GROUP_5208","METHYLTRANSFERASE SMALL DOMAIN SUPERFAMILY","UBIE"
"205",0.0330091176057531,"YCJP_1","ABC TRANSPORTER PERMEASE",""
"206",0.0328936451299493,"GROUP_4949","ZINC METALLOPEPTIDASE",""
"207",0.0327692561875621,"GROUP_13744","ABC TRANSPORTER PERMEASE","YCJP_4"
"208",0.0326967500852953,"GROUP_6643","SURFACE ANCHORED PROTEIN",""
"209",0.0323623229561208,"GROUP_3425","ACETYLTRANSFERASE GNAT FAMILY","YDAF_5"
"210",0.0319010186925234,"MGLC","SUGAR ABC TRANSPORTER PERMEASE",""
"211",0.031770425014528,"COMGF","COMPETENCE PROTEIN COMGF",""
"212",0.0315067035187428,"GROUP_17755","PUTATIVE ICE PROTEIN",""
"213",0.0314461242229457,"GROUP_1630","PHAGE PROTEIN",""
"214",0.0313099586374147,"GROUP_7065","TRANSCRIPTIONAL REGULATOR",""
"215",0.0312387288964516,"GROUP_8064","S1 RNA-BINDING DOMAIN-CONTAINING PROTEIN","YHGF"
"216",0.0312350733004753,"GROUP_5755","LATE COMPETENCE PROTEIN COMGG","COMGG"
"217",0.0310402587130009,"TMPC","LIPOPROTEIN",""
"218",0.0309315451988577,"SPEA","ORNITHINE DECARBOXYLASE FAMILY PROTEIN",""
"219",0.0308543463720112,"GROUP_5951","MEMBRANE PROTEIN",""
"220",0.0307774620204847,"SCRB","GLYCOSYL HYDROLASES FAMILY 32",""
"221",0.0306446850855967,"GROUP_7064","TRANSCRIPTIONAL REGULATOR",""
"222",0.0304953752538833,"YDAF_5","SHIKIMATE KINASE",""
"223",0.0303145413865012,"GROUP_2139","GLYCOSYL TRANSFERASE FAMILY PROTEIN","GSPA_1"
"224",0.0302520098732394,"HAEIIIM","TYPE II DNA MODIFICATION METHYLTRANSFERASE TRUNCATION",""
"225",0.0299578886183101,"GROUP_998","IMMUNOGLOBULIN A1 PROTEASE","IGA_2"
"226",0.0299205094025236,"GROUP_6161","METHIONYL-TRNA SYNTHETASE","TNPR"
"227",0.0298403445583738,"GROUP_6451","BACTERIOCIN ABC TRANSOPORTER","LAGD_1"
"228",0.0298393273124425,"GROUP_4554","INTEGRAL MEMBRANE PROTEIN",""
"229",0.0298043391667559,"GROUP_5345","HIGH-AFFINITY FE2+/PB2+ PERMEASE",""
"230",0.0297860901275815,"LRP","LEUCINE-RICH PROTEIN",""
"231",0.0295671108670638,"GROUP_13173","TYPE II DNA MODIFICATION METHYLTRANSFERASE TRUNCATION","HAEIIIM"
"232",0.0295182694026191,"GROUP_10985","SERINE/THREONINE PROTEIN PHOSPHATASE",""
"233",0.029029976649963,"COMGG","LATE COMPETENCE PROTEIN COMGG",""
"234",0.0287459774598262,"CGLB","COMPETENCE PROTEIN",""
"235",0.0286422426295095,"GLGB","14-ALPHA-GLUCAN BRANCHING ENZYME",""
"236",0.0285691369565283,"GROUP_10392","LIPOPROTEIN","TMPC"
"237",0.0285182221154853,"GROUP_2633","PTS SYSTEM IIB COMPONENT (GALACTITOL/FRUCTOSE SPECIFIC)",""
"238",0.0284694219314692,"GROUP_11273","BIFUNCTIONAL S24 FAMILY PEPTIDASE/TRANSCRIPTIONAL REGULATOR",""
"239",0.0284117731321529,"GROUP_7572","LEUCINE-RICH PROTEIN","LRP"
"240",0.028280346067023,"GROUP_6972","BACTERIOCIN BLPO","BLPO_1"
"241",0.0280565154548264,"GROUP_11931","EXCRETED PEPTIDE",""
"242",0.0280221169362659,"BLPO_1","BACTERIOCIN BLPO",""
"243",0.0275936274964367,"GROUP_11929","EXCRETED PEPTIDE",""
"244",0.0275762970122303,"GROUP_7487","ARCT",""
"245",0.0274670285553543,"GROUP_7483","ARCT",""
"246",0.0274595513127297,"GROUP_216","CHOLINE-BINDING SURFACE PROTEIN A","CBPA_2"
"247",0.0274134979448653,"GROUP_2379","MEMBRANE PROTEIN",""
"248",0.0272421868352131,"GROUP_11652","CI REPRESSOR","IMMR_2"
"249",0.0271854628651155,"GLXK","GLYCERATE KINASE",""
"250",0.0271258943043562,"GROUP_102","CHLOROHYDROLASE/DEAMINASE FAMILY PROTEIN",""
"251",0.0271205915986066,"GROUP_3569","COMPETENCE PROTEIN","CGLB"
"252",0.0270871956568009,"ADH","ALCOHOL DEHYDROGENASE",""
"253",0.0270656935768136,"GROUP_4174","COMPETENCE PROTEIN","CGLC"
"254",0.0267526693756837,"GLGC","GLUCOSE-1-PHOSPHATE ADENYLYLTRANSFERASE",""
"255",0.0265774798151482,"GROUP_16273","ADENYLOSUCCINATE LYASE",""
"256",0.0265108320659624,"GROUP_1005","IMMUNOGLOBULIN A1 PROTEASE","IGA_2"
"257",0.0264256810322001,"GROUP_5552","ACETYLTRANSFERASE","YDAF_4"
"258",0.0263879387506396,"GROUP_8841","PROPHAGE PROTEIN",""
"259",0.0262192838466695,"GROUP_13698","PHAGE INTEGRASE FAMILY INTEGRASE/RECOMBINASE","INT-TN_1"
"260",0.0262184586102844,"GROUP_8477","AMINO ACID PERMEASE FAMILY PROTEIN","YFNA"
"261",0.026117247990377,"GROUP_4368","GLYCERATE KINASE","GLXK"
"262",0.0260344118259136,"FBPC","ATP-BINDING COMPONENT OF ABC TRANSPORTER",""
"263",0.0257734501025418,"GROUP_5256","BACTERIOCIN PUTATIVE","XLYA"
"264",0.0257368246661451,"GROUP_4199","THIOL-ACTIVATED CYTOLYSIN","FLAR"
"265",0.0257272405237515,"GROUP_3375","ABC TRANSPORTER ATP-BINDING PROTEIN/PERMEASE","IRTA"
"266",0.025629187752637,"GROUP_6418","30S RIBOSOMAL PROTEIN S4","RPSD"
"267",0.0255755693583134,"COME","RESPONSE REGULATOR",""
"268",0.0255225919140625,"GROUP_12357","SUGAR ABC TRANSPORTER PERMEASE","MGLC"
"269",0.0254113092768797,"GROUP_2951","MULTIDRUG RESISTANCE PROTEIN 1 (ATP-BINDING CASSETTESUB-FAMILY B MEMBER 1) (P-GLYCOPROTEIN 1) (ANTIGEN)","HLYB"
"270",0.0253033008652903,"GROUP_7771","GNAT FAMILY ACETYLTRANSFERASE",""
"271",0.0252792807101487,"GROUP_7485","ARCT",""
"272",0.0251244357819797,"ASD","ASPARTATE-SEMIALDEHYDE DEHYDROGENASE",""
"273",0.0250858353885555,"GROUP_6623","DNA MODIFICATION METHYLTRANSFERASE M.XBAI","YHDJ"
"274",0.0250739502214463,"GROUP_15619","DOMAIN OF UNKNOWN FUNCTION PROTEIN",""
"275",0.0249287939466761,"FTSH_2","COMPETENCE-SPECIFIC GLOBAL TRANSCRIPTION MODULATOR",""
"276",0.0249175433718367,"GPDA","GLYCEROL-3-PHOSPHATE DEHYDROGENASE (NAD(P)+)",""
"277",0.0248571556558228,"GROUP_4612","MEMBRANE PROTEIN",""
"278",0.0248281051369234,"RPSD","SURFACE ANCHORED PROTEIN",""
"279",0.024683752896943,"GROUP_10513","PROPHAGE PROTEIN",""
"280",0.024548643792518,"CDD","CYTIDINE DEAMINASE",""
"281",0.0245018193354444,"GROUP_8218","ABC TRANSPORTER ATP-BINDING PROTEIN","YJJK"
"282",0.0244976283890827,"GROUP_14832","PHAGE PROTEIN",""
"283",0.0244574565976259,"GROUP_3664","MAJOR FACILITATOR SUPERFAMILY PERMEASE",""
"284",0.0243592932158519,"GROUP_6582","TRANSKETOLASE N-TERMINAL SECTION","TKTN"
"285",0.0242899616168798,"GROUP_13212","ADENYLOSUCCINATE SYNTHETASE","PURA"
"286",0.0241740578213238,"GROUP_6301","CAAX AMINO TERMINAL PROTEASE FAMILY PROTEIN",""
"287",0.024111079369348,"GROUP_12705","ALCOHOL DEHYDROGENASE","ADH"
"288",0.0240696737675228,"GROUP_2238","PHAGE PROTEIN",""
"289",0.0240589811883729,"GROUP_3947","ALANINE DEHYDROGENASE","ALD_1"
"290",0.0240213644695466,"GROUP_4222","FUCA",""
"291",0.0239480271121541,"GROUP_14271","C4-DICARBOXYLATE ANAEROBIC CARRIER ARGININE TRANSPORTER",""
"292",0.0239358399539811,"GROUP_14273","C4-DICARBOXYLATE ANAEROBIC CARRIER ARGININE TRANSPORTER",""
"293",0.0239228217354686,"GROUP_2786","SURFACE PROTEIN (FRAGMENT)","SDRD"
"294",0.0238080248068805,"GROUP_14735","MEMBRANE PROTEIN",""
"295",0.0235787177936795,"GROUP_13993","CATABOLITE CONTROL PROTEIN","CCPA_1"
"296",0.0235379112498173,"GAPN","NADP-DEPENDENT GLYCERALDEHYDE-3-PHOSPHATE DEHYDROGENASE",""
"297",0.0235277739202353,"GROUP_5956","PUTATIVE BACTERIOCIN",""
"298",0.0235268545281153,"CSD","CLASS-V AMINOTRANSFERASE",""
"299",0.0235191775338826,"GROUP_10789","SINGLE-STRAND BINDING PROTEIN FAMILY","SSB"
"300",0.0233745915395923,"GROUP_14204","FIC PROTEIN FAMILY",""
"301",0.0233556866292329,"GROUP_9923","ACETYLTRANSFERASE",""
"302",0.023339735373987,"GROUP_4220","FUCA",""
"303",0.0233027641607962,"GROUP_9459","ARGININOSUCCINATE LYASE","ARGH"
"304",0.0232495730048714,"GROUP_15383","PHAGE PROTEIN",""
"305",0.0232345268307424,"GROUP_2028","PROTEIN LACX PLASMID",""
"306",0.0231949145173755,"GROUP_15620","DOMAIN OF UNKNOWN FUNCTION PROTEIN",""
"307",0.0229376292347893,"GROUP_7772","GNAT FAMILY ACETYLTRANSFERASE",""
"308",0.022830934291457,"GROUP_20074","DNA-BINDING PROTEIN",""
"309",0.0227642775863037,"YQBO","TMP REPEAT FAMILY",""
"310",0.0227642020110732,"GROUP_6298","CAAX AMINO TERMINAL PROTEASE FAMILY PROTEIN",""
"311",0.0226825946359904,"YDAF_4","ACETYLTRANSFERASE",""
"312",0.0226403945687693,"GUAA_2","GLUTAMINE AMIDOTRANSFERASE CLASS-I",""
"313",0.0225760182518627,"GROUP_10579","DNA PRIMASE",""
"314",0.0225510117953091,"GROUP_20171","GP29",""
"315",0.0224939333106049,"GROUP_18476","PHAGE DNA-BINDING PROTEIN",""
"316",0.0224569479467127,"GROUP_20170","UNCHARACTERIZED PROTEIN CONSERVED IN BACTERIA",""
"317",0.022246981350395,"GROUP_5666","TOPOLOGY MODULATION PROTEIN",""
"318",0.0221826097825478,"GROUP_9113","BETA-GALACTOSIDASE SUBUNIT BETA","TABA_1"
"319",0.0221095383650909,"GROUP_8533","GP27",""
"320",0.0221020885337964,"FTSK","DNA TRANSLOCASE CELL DIVISION PROTEIN",""
"321",0.0220752602002719,"GROUP_11006","HAD SUPERFAMILY HYDROLASE","YFNB"
"322",0.0219859618835238,"GROUP_10170","SINGLE-STRAND BINDING PROTEIN","SSB"
"323",0.0219815353497112,"REX","DNA-BINDING PROTEIN",""
"324",0.0219456833400813,"SSUB","MULTIDRUG ABC TRANSPORTER ATPASE",""
"325",0.0218890588124012,"GROUP_12232","DAUNORUBICIN RESISTANCE TRANSMEMBRANE PROTEIN",""
"326",0.0218317541212231,"TKTN","TRANSKETOLASE N-TERMINAL SECTION",""
"327",0.0217573494335354,"TRMB","TRNA (GUANINE-N(7)-)-METHYLTRANSFERASE",""
"328",0.0217501884227057,"GROUP_3094","ABC TRANSPORTER ATP-BINDING PROTEIN","FBPC"
"329",0.0217315429491488,"FABG2","CHLOROHYDROLASE/DEAMINASE FAMILY PROTEIN",""
"330",0.0216417342016141,"GROUP_13472","GLYCEROL-3-PHOSPHATE DEHYDROGENASE (NAD(P)+)","GPDA"
"331",0.021591545720529,"GROUP_12930","REPLICATION INITIATION PROTEIN",""
"332",0.0215235924132276,"GROUP_1801","COMPETENCE FACTOR TRANSPORTING ATP-BINDING PROTEIN/PERMEASE COMA","LAGD_2"
"333",0.0214080934954036,"GROUP_5032","TRANSCRIPTIONAL ACTIVATOR RGG/GADR/MUTR FAMILY PROTEIN","RGG"
"334",0.0213061595162565,"GROUP_5008","GLYCOGEN SYNTHASE","GLGA"
"335",0.0212661707807145,"GROUP_2535","SERINE/THREONINE PROTEIN KINASE",""
"336",0.0212077029810013,"GROUP_9247","GLYCEROPHOSPHORYL DIESTER PHOSPHODIESTERASE","GLPQ2"
"337",0.0212032529021274,"ULAA_1","PTS SYSTEM IIC COMPONENT",""
"338",0.0211893769385766,"GROUP_4256","METAL-DEPENDENT CAAX AMINO TERMINAL MEMBRANE PROTEASE","PNCO"
"339",0.0211892116151245,"GROUP_3941","ALANINE DEHYDROGENASE","ALD_1"
"340",0.021079588931096,"GROUP_3667","MAJOR FACILITATOR SUPERFAMILY PERMEASE",""
"341",0.0210611975668007,"GROUP_11007","HAD SUPERFAMILY HYDROLASE","YFNB"
"342",0.0210462666680837,"GROUP_13412","ASPARTATE-SEMIALDEHYDE DEHYDROGENASE","ASD"
"343",0.0207665060419586,"SPOT","METAL DEPENDENT PHOSPHOHYDROLASE HD REGION",""
"344",0.020712628672987,"PNCO","METAL-DEPENDENT CAAX AMINO TERMINAL MEMBRANE PROTEASE",""
"345",0.0206952125489062,"GROUP_15904","PHAGE PROTEIN",""
"346",0.0206558136976562,"MAP","METHIONYL AMINOPEPTIDASE",""
"347",0.02033793234827,"GROUP_2968","SITE-SPECIFIC DNA RECOMBINASE","PINR"
"348",0.0202810247167225,"MSBA_3","ABC TRANSPORTER ATP-BINDING PROTEIN/PERMEASE",""
"349",0.0202704129092745,"GPI","GLUCOSE-6-PHOSPHATE ISOMERASE",""
"350",0.0202590474388072,"MSBA_2","ABC TRANSPORTER ATP-BINDING PROTEIN/PERMEASE",""
"351",0.0202152719977213,"GROUP_866","DOUBLE GLYCINE CLEAVAGE SITE BACTERIOLYSIN SUPERFAMILY",""
"352",0.020209806596944,"GROUP_126","CHLOROHYDROLASE",""
"353",0.0202067148707972,"IRTA","ABC TRANSPORTER ATP-BINDING PROTEIN/PERMEASE",""
"354",0.0200699177142326,"BLPO_2","BACTERIOCIN BLPO",""
"355",0.0199965055669162,"GROUP_12534","CLASS-V AMINOTRANSFERASE","CSD"
"356",0.0199567126868597,"GROUP_15582","DNA-BINDING PROTEIN","REX"
"357",0.0198989242580159,"GROUP_9433","TRK TRANSPORTER MEMBRANE-SPANNING PROTEIN - K+ TRANSPORT","KTRB"
"358",0.01989469840422,"GROUP_9013","SPFH DOMAIN/BAND 7 FAMILY","QMCA"
"359",0.0198650136625342,"GROUP_15685","PHAGE PROTEIN",""
"360",0.0198475228973601,"GROUP_17573","DOMAIN OF UNKNOWN FUNCTION DUF1828",""
"361",0.0198343474515099,"GROUP_8454","LJ965 PROPHAGE PROTEIN",""
"362",0.0197273852575572,"GROUP_10613","PTS SYSTEM IIC COMPONENT","ULAA_1"
"363",0.0196871201871571,"GROUP_12362","PHAGE TERMINASE SMALL SUBUNIT",""
"364",0.0195060513150923,"FRUA","PTS SYSTEM FRUCTOSE SPECIFIC IIBC COMPONENT",""
"365",0.0194534718540549,"RGG","TRANSCRIPTIONAL ACTIVATOR RGG/GADR/MUTR FAMILY PROTEIN",""
"366",0.0193869671480836,"GROUP_7818","EXTRACELLULAR SOLUTE-BINDING PROTEIN","YESO_2"
"367",0.0192258775401621,"GROUP_16164","PHAGE RECOMBINATION PROTEIN BET","BET"
"368",0.0189391533437217,"GROUP_5159","PTS SYSTEM GALACTITOL-SPECIFIC FAMILY TRANSPORTER SUBUNIT IIC","GATC_1"
"369",0.0188539154807013,"GROUP_12340","DNA TRANSLOCASE CELL DIVISION PROTEIN","FTSK"
"370",0.0188512490008658,"GROUP_14719","GALACTOSE-6-PHOSPHATE ISOMERASE SUBUNIT LACA","LACA"
"371",0.0188242337455427,"LACA","GALACTOSE-6-PHOSPHATE ISOMERASE SUBUNIT LACA",""
"372",0.018769584490938,"GROUP_2262","GP24",""
"373",0.0187162491148654,"GROUP_12539","GLUTAMINE AMIDOTRANSFERASE CLASS-I","GUAA_2"
"374",0.0186511288215631,"SULB","DIHYDROFOLATE SYNTHETASE",""
"375",0.0186414776599998,"GROUP_16195","DOUBLE GLYCINE CLEAVAGE SITE BACTERIOLYSIN SUPERFAMILY",""
"376",0.0184727353587051,"GROUP_4704","MUTT/NUDIX FAMILY PROTEIN",""
"377",0.0182988592547393,"GROUP_15401","PHAGE SUPER INFECTION EXCLUSION",""
"378",0.0182757325348971,"GROUP_10552","PTS SYSTEM FRUCTOSE SPECIFIC IIBC COMPONENT","FRUA"
"379",0.0180555891744685,"GROUP_9589","GLYCOSYL HYDROLASES FAMILY 32","SCRB"
"380",0.0180457660591841,"GROUP_3893","DNA-BINDING PROTEIN","INT-TN_2"
"381",0.0178990140489749,"YFNA","AMINO ACID PERMEASE FAMILY PROTEIN",""
"382",0.0178795449197063,"GROUP_16411","PHAGE REPLICATION PROTEIN",""
"383",0.0178615080685601,"GROUP_3529","PHAGE PROTEIN",""
"384",0.0177547563169762,"GROUP_424","MOBILE GENETIC ELEMENT","IS1381-TRUNCATION"
"385",0.0176931473016418,"GROUP_16372","GLUCOSE-6-PHOSPHATE ISOMERASE","GPI"
"386",0.0176725686357884,"GROUP_14732","MEMBRANE PROTEIN",""
"387",0.0176523272906602,"MALG","MALTODEXTRIN ABC TRANSPORTER PERMEASE",""
"388",0.0176073299954268,"SSB","SINGLE-STRAND BINDING PROTEIN",""
"389",0.0174402319422494,"GROUP_8647","TAGATOSE-6-PHOSPHATE KINASE","LACC-2"
"390",0.0174347436746116,"GROUP_9751","GFO/IDH/MOCA FAMILY OXIDOREDUCTASE","AFR"
"391",0.0173308493055862,"LACZ","BETA-GALACTOSIDASE",""
"392",0.017261006277099,"GROUP_8478","AMINO ACID PERMEASE FAMILY PROTEIN","YFNA"
"393",0.0171674445855866,"YHFQ","IRON ABC TRANSPORTER SUBSTRATE-BINDING PROTEIN",""
"394",0.0171461145457997,"GROUP_9246","GLYCEROPHOSPHORYL DIESTER PHOSPHODIESTERASE","GLPQ2"
"395",0.0170586866287242,"GROUP_7597","PHAGE PROTEIN",""
"396",0.0168595587445988,"GROUP_4624","MEMBRANE PROTEIN",""
"397",0.0168500036900078,"GROUP_15444","EXOPOLYSACCHARIDE BIOSYNTHESIS PROTEIN GLYCOSYL TRANSFERASE","EPSK"
"398",0.016656292774988,"GROUP_13751","TRNA (GUANINE-N(7)-)-METHYLTRANSFERASE","TRMB"
"399",0.0165664034304847,"GROUP_7226","PHAGE PROTEIN",""
"400",0.0163247705900066,"GROUP_13645","ABC TRANSPORTER PERMEASE",""
"401",0.0163046004718058,"YJJK","ABC TRANSPORTER ATP-BINDING PROTEIN",""
"402",0.0162733866128118,"GROUP_6701","SUCROSE-6-PHOSPHATE HYDROLASE","SACA"
"403",0.0160631750543011,"GROUP_4103","ABC TRANSPORTER MEMBRANE-SPANNING PROTEIN",""
"404",0.01600610450368,"GROUP_12073","FIC PROTEIN FAMILY",""
"405",0.0158477145978249,"GROUP_9143","ORNITHINE DECARBOXYLASE FAMILY PROTEIN","SPEA"
"406",0.0158373341529239,"GROUP_10468","GLUTAMINE AMIDOTRANSFERASE CLASS I",""
"407",0.0158156875106687,"GROUP_1984","PEPTIDASE U32 FAMILY","YHBU_1"
"408",0.0157979422844812,"LACC-2","TAGATOSE-6-PHOSPHATE KINASE",""
"409",0.0157301116750638,"GROUP_1595","PHAGE PROTEIN",""
"410",0.0156988888186455,"GROUP_2981","PUTATIVE FE-S OXIDOREDUCTASE",""
"411",0.0156025392127588,"YKOC","COBALT TRANSPORT PROTEIN",""
"412",0.0154856489113417,"GROUP_11206","ABC TRANSPORTER SUBSTRATE-BINDING PROTEIN","YESO_3"
"413",0.0153881639210561,"GROUP_4813","EXPORTED GLYCOSYL HYDROLASE","FUCI"
"414",0.0153311811843487,"GROUP_392","CELL ENVELOPE INTEGRITY INNER MEMBRANE PROTEIN TOLA",""
"415",0.0153039354165393,"GROUP_12524","ACETYLTRANSFERASE","BLTD"
"416",0.0152718934295185,"GROUP_2048","DIHYDROFOLATE SYNTHETASE","SULB"
"417",0.0152580437993527,"GROUP_3659","MAJOR FACILITATOR SUPERFAMILY PERMEASE",""
"418",0.0152491191019624,"GROUP_5323","TRANSPORTER MAJOR FACILITATOR FAMILY PROTEIN",""
"419",0.0151672522105048,"GROUP_4106","ABC TRANSPORTER MEMBRANE-SPANNING PROTEIN",""
"420",0.0151504422652748,"GROUP_11093","MALTODEXTRIN ABC TRANSPORTER PERMEASE","MALG"
"421",0.0150795758557535,"GROUP_7815","EXTRACELLULAR SOLUTE-BINDING PROTEIN","YESO_1"
"422",0.0150539205692769,"GROUP_17368","RESPONSE REGULATOR","SAER"
"423",0.0149953765780944,"GROUP_7390","MALTODEXTRIN ABC TRANSPORTER PERMEASE","MALF"
"424",0.014931636456612,"GROUP_5211","METHYLTRANSFERASE SMALL DOMAIN SUPERFAMILY","UBIE"
"425",0.0149257111598358,"GROUP_5891","PHAGE PROTEIN",""
"426",0.014874884580168,"GROUP_8864","DNA MISMATCH REPAIR PROTEIN MUTS","HEXA"
"427",0.0148663893853733,"SAER","RESPONSE REGULATOR",""
"428",0.0142969688302169,"GROUP_11429","SPERMIDINE SYNTHASE","SPEE"
"429",0.0142676685136259,"GROUP_14698","METHIONYL AMINOPEPTIDASE","MAP"
"430",0.0141992595329335,"CYSK","CYSTEINE SYNTHASE",""
"431",0.0140541558297206,"YIHX","HYDROLASE",""
"432",0.0140237707916966,"LYTA_6","AUTOLYSIN",""
"433",0.0140152188054712,"GROUP_11821","HYDROLASE","YIHX"
"434",0.0139261154660112,"GROUP_384","FUSION OF IS1381 ORF A AND B",""
"435",0.0138481912353562,"PSPA","SURFACE PROTEIN A",""
"436",0.0137616767977436,"GROUP_18649","GLYCOSYL TRANSFERASE FAMILY 2 PROTEIN","WEFD"
"437",0.0137014762332389,"GROUP_1897","PHAGE PUTATIVE HEAD MORPHOGENESIS PROTEIN SPP1 GP7 FAMILY",""
"438",0.0135961323813857,"GROUP_6360","CARBOHYDRATE-BINDING FAMILY V/XII",""
"439",0.0135844991718021,"GROUP_639","TYPE I RESTRICTION-MODIFICATION SYSTEM SUBUNIT S","XERC_2"
"440",0.0135811516409699,"DEOD_2","PURINE NUCLEOSIDE PHOSPHORYLASE",""
"441",0.0133372478854258,"POTA_2","FERRIC CATIONS IMPORT ATP-BINDING PROTEIN FBPC",""
"442",0.0132164264195977,"GROUP_10401","DRTGG DOMAIN/CBS DOMAIN-CONTAINING PROTEIN",""
"443",0.0131905747182224,"GROUP_2337","INTEGRAL MEMBRANE PROTEIN",""
"444",0.0129931212016675,"GROUP_11522","DNA-DAMAGE-INDUCIBLE PROTEIN D",""
"445",0.0129826938704529,"GROUP_7557","GNAT FAMILY ACETYLTRANSFERASE",""
"446",0.012951554160305,"GROUP_13499","PURINE NUCLEOSIDE PHOSPHORYLASE","DEOD_2"
"447",0.0129382058556567,"GROUP_10467","GLUTAMINE AMIDOTRANSFERASE CLASS I",""
"448",0.0126984801050827,"GROUP_12836","FERRIC CATIONS IMPORT ATP-BINDING PROTEIN FBPC","POTA_2"
"449",0.0125212855537331,"GROUP_1581","TN5253 BACTERIOCINE PUTATIVE",""
"450",0.0125085245895952,"GROUP_14746","TRNA URIDINE 5-CARBOXYMETHYLAMINOMETHYL MODIFICATION PROTEIN GIDA","GIDA_1"
"451",0.0123920384372159,"GROUP_2610","BETA-GALACTOSIDASE","LACZ"
"452",0.0122996211257422,"GROUP_3438","RNA METHYLTRANSFERASE","RLMCD_2"
"453",0.0122958159510752,"GROUP_12853","N-ACETYLNEURAMINATE EPIMERASE PRECURSOR","NANM"
"454",0.0120353706170109,"BACA","UNDECAPRENOL KINASE",""
"455",0.01200120236886,"YJJP","MEMBRANE SPANNING PROTEIN",""
"456",0.0119850179242579,"GROUP_6166","PNEUMOCOCCAL HISTIDINE TRIAD PROTEIN D PRECURSOR",""
"457",0.0119576647486118,"GROUP_19589","REPRESSOR PROTEIN",""
"458",0.0119145848622907,"GIDA_1","TRNA URIDINE 5-CARBOXYMETHYLAMINOMETHYL MODIFICATION PROTEIN GIDA",""
"459",0.0118444919520543,"GROUP_2332","INTEGRAL MEMBRANE PROTEIN",""
"460",0.011670782893548,"KFOC_2","GLYCOSYLTRANSFERASE INVOLVED IN CELL WALL BIOGENESIS",""
"461",0.0114330518921075,"RARA","CHROMOSOME SEGREGATION HELICASE ATPASE AAA FAMILY",""
"462",0.0113310714046121,"GROUP_12072","FIC PROTEIN FAMILY",""
"463",0.0113148981855349,"GROUP_8719","SERINE/THREONINE PROTEIN PHOSPHATASE","PPHA"
"464",0.0112836159623907,"PYRA","DIHYDROOROTATE DEHYDROGENASE 1A",""
"465",0.0112543839371595,"GROUP_6191","PHAGE TERMINASE LARGE SUBUNIT",""
"466",0.0110309965228515,"PCRA","ATP-DEPENDENT DNA HELICASE PCRA",""
"467",0.011005899265631,"RLMCD_2","RNA METHYLTRANSFERASE",""
"468",0.0109144758419662,"GROUP_14757","CONSERVED STRUCTURAL PROTEIN PUTATIVE",""
"469",0.0109126429333485,"GROUP_4452","REPLICATION INITIATOR PROTEIN A","REPA"
"470",0.0108774418407075,"GROUP_19588","REPRESSOR",""
"471",0.0107725286129068,"LACA_1","EXOPOLYSACCHARIDE BIOSYNTHESIS PROTEIN ACETYLTRANSFERASE",""
"472",0.0106071660508504,"GROUP_8308","INTEGRASE","INT-TN_1"
"473",0.0105901712183811,"MANZ_4","PTS SYSTEM MANNOSE/FRUCTOSE/N-ACETYLGALACTOSAMINE-SPECIFIC TRANSPORTER SUBUNIT IID",""
"474",0.0105636113054405,"YHBU_1","U32 FAMILY PEPTIDASE",""
"475",0.0104995895529307,"GROUP_12583","ATPASE",""
"476",0.010495911052435,"TRPE","ANTHRANILATE SYNTHASE COMPONENT I",""
"477",0.0103517509857013,"GROUP_14783","LJ965 PROPHAGE MAJOR TAIL PROTEIN",""
"478",0.0103036102436062,"ACPP_2","ACYL CARRIER PROTEIN",""
"479",0.0102684817261427,"GROUP_7280","ALDO/KETO REDUCTASE FAMILY OXIDOREDUCTASE","YDHF"
"480",0.0100400922278068,"GROUP_13209","ADENYLOSUCCINATE SYNTHETASE","PURA"
"481",0.010036827974655,"GROUP_2293","PTS SYSTEM TRANSPORTER SUBUNIT IIA",""
"482",0.0099726396140805,"GROUP_10420","PHAGE GP6-LIKE HEAD-TAIL CONNECTOR PROTEIN",""
"483",0.00995895266834686,"SAPB","PUTATIVE MG2+ TRANSPORTER-C",""
"484",0.00985306769336911,"GROUP_13996","CATABOLITE CONTROL PROTEIN","CCPA_2"
"485",0.00962178681957461,"GROUP_13549","PHAGE HOLLIDAY JUNCTION RESOLVASE",""
"486",0.00962075246530436,"GROUP_2426","MEMBRANE PROTEIN",""
"487",0.00961499746662746,"GROUP_4045","ABC TRANSPORTER ATPASE",""
"488",0.0094854377070802,"GROUP_11218","SERINE HYDROXYMETHYLTRANSFERASE","GLYA"
"489",0.00935540142661923,"GROUP_10251","ATP-DEPENDENT DNA HELICASE PCRA","PCRA"
"490",0.00934215564501833,"GROUP_4709","MUTT/NUDIX FAMILY PROTEIN",""
"491",0.0091607709134125,"ILVD","DIHYDROXY-ACID DEHYDRATASE",""
"492",0.00881701539036261,"MALX","MALTOSE/MALTODEXTRIN ABC TRANSPORTER MALTOSE/MALTODEXTRIN-BINDING PROTEIN",""
"493",0.00880292407561813,"HEXA","DNA MISMATCH REPAIR PROTEIN MUTS",""
"494",0.00878218291478805,"GROUP_8123","ACYL CARRIER PROTEIN","ACPP_2"
"495",0.00877171398070943,"GROUP_9351","INTEGRASE","XERD"
"496",0.0087604033040134,"GROUP_7185","MALTOSE/MALTODEXTRIN ABC TRANSPORTER MALTOSE/MALTODEXTRIN-BINDING PROTEIN","MALX"
"497",0.00871186969541566,"SFTA","FTSK/SPOIIIE PROTEIN",""
"498",0.00859770831545706,"GROUP_4074","6-PHOSPHO-BETA-GLUCOSIDASE ASCB","BGLA"
"499",0.00856232365133657,"ABC-NBD-TRUNCATION_2","ABC TRANSPORTER PERMEASE",""
"500",0.00854162585262519,"GROUP_14134","PUTATIVE ATP-DEPENDENTEND NUCLEASE OF THE OLD FAMILY",""
"501",0.00845604747834888,"GROUP_8326","PHAGE INTEGRASE","XERD"
"502",0.00841118078099284,"GROUP_7561","GNAT FAMILY ACETYLTRANSFERASE",""
"503",0.00839449022617323,"GROUP_5325","ARGININOSUCCINATE SYNTHASE","ARGG"
"504",0.00838639651484434,"GROUP_5162","PTS SYSTEM GALACTITOL-SPECIFIC FAMILY TRANSPORTER SUBUNIT IIC","GATC_1"
"505",0.00830742192390256,"CMTB","TRANSCRIPTIONAL REGULATOR BGLG FAMILY",""
"506",0.0082186733817842,"GROUP_3046","PHAGE PROTEIN","LYTA_3"
"507",0.00813954731526367,"GROUP_6413","30S RIBOSOMAL PROTEIN S4","RPSD"
"508",0.00791695470808564,"GROUP_18240","PHAGE PROTEIN",""
"509",0.00784533433586309,"GROUP_11618","DIHYDROXY-ACID DEHYDRATASE","ILVD"
"510",0.00783963757791472,"GROUP_3535","PHAGE PROTEIN",""
"511",0.00780137618967917,"GROUP_8861","DNA MISMATCH REPAIR PROTEIN MUTS","HEXA"
"512",0.00778849312265791,"GROUP_10859","ABC TRANSPORTER ATP-BINDING PROTEIN","YHES_2"
"513",0.00777822923678924,"TABA_1","BETA-GALACTOSIDASE SUBUNIT BETA",""
"514",0.00777741275642827,"GROUP_7318","PHAGE INTEGRASE: SITE-SPECIFIC RECOMBINASE","INT-TN_1"
"515",0.00770785467139931,"GROUP_13890","UNDECAPRENOL KINASE","BACA"
"516",0.00765085095784627,"GROUP_10862","ABC TRANSPORTER ATP-BINDING PROTEIN","YHES_3"
"517",0.00760733628152947,"GROUP_2289","PTS SYSTEM TRANSPORTER SUBUNIT IIA",""
"518",0.00747248150526673,"YCEG","AMINODEOXYCHORISMATE LYASE",""
"519",0.00739407200509189,"NANE2","N-ACETYLMANNOSAMINE-6-PHOSPHATE 2-EPIMERASE 2 (MANNAC-6-P EPIMERASE 2)",""
"520",0.00735648554541889,"GROUP_626","INTEGRASE/RECOMBINASE PHAGE INTEGRASE FAMILY PROTEIN","XERC_1"
"521",0.00734129171131574,"MOCA","GFO/IDH/MOCA FAMILY OXIDOREDUCTASE",""
"522",0.00732138531804828,"XERD_2","INTEGRASE",""
"523",0.00728635645308781,"GROUP_10296","BETA-GALACTOSIDASE SUBUNIT BETA","TABA_2"
"524",0.00718132371600018,"GROUP_6178","ATP-DEPENDENT CLP PROTEASE ATP-BINDING SUBUNIT","CLPE"
"525",0.00709445746899977,"GROUP_5357","ADENYLOSUCCINATE LYASE",""
"526",0.00697404965936925,"GROUP_8363","METHYLTRANSFERASE",""
"527",0.00696634937265904,"GROUP_2423","MEMBRANE PROTEIN",""
"528",0.00690834271894545,"GROUP_1804","BACTERIOCIN TRANSPORTER C39 PROTEASE DOMAIN BLPA2","BLPA2"
"529",0.0069064577576553,"GROUP_14067","KETOL-ACID REDUCTOISOMERASE","ILVC"
"530",0.00687991704517971,"GROUP_11804","LMO0466 PROTEIN",""
"531",0.00687836537152329,"GROUP_14103","PHAGE PROTEIN",""
"532",0.00687760184245263,"TABA_2","BETA-GALACTOSIDASE SUBUNIT BETA",""
"533",0.0068389868287886,"GROUP_7251","TRANSCRIPTION ANTITERMINATOR LICT","LICT"
"534",0.00681409609393825,"PINR","SITE-SPECIFIC DNA RECOMBINASE",""
"535",0.00680753216466596,"GROUP_13633","AMINODEOXYCHORISMATE LYASE","YCEG"
"536",0.00677798662364853,"PHPA","STREPTOCOCCAL HISTIDINE TRIAD PROTEIN PHPA",""
"537",0.00672881987159581,"GROUP_7820","TRANSCRIPTIONAL REGULATOR BGLG FAMILY","CMTB"
"538",0.00668470004608666,"GROUP_12158","PUTATIVE MG2+ TRANSPORTER-C","SAPB"
"539",0.00666458727040853,"GROUP_14799","MALTOSE OPERON TRANSCRIPTIONAL REPRESSOR","MALR"
"540",0.00665468206566006,"ILVC","KETOL-ACID REDUCTOISOMERASE",""
"541",0.00655891898629115,"UNG","URACIL-DNA GLYCOSYLASE",""
"542",0.00653720333895058,"GROUP_10740","ANTHRANILATE SYNTHASE COMPONENT I","TRPE"
"543",0.00640613435974124,"MTAD","CHLOROHYDROLASE",""
"544",0.00630883550952905,"GROUP_5260","LYSM DOMAIN PROTEIN","XLYA"
"545",0.006308502806334,"PBLB","PBLB",""
"546",0.0062797777114207,"GROUP_6898","MEMBRANE PROTEIN",""
"547",0.00616119247959522,"GROUP_2719","PHAGE HOLIN LL-H FAMILY","LYTA_5"
"548",0.00601339843435411,"GROUP_7493","IRON-COMPOUND ABC TRANSPORTER PERMEASE","FEUB"
"549",0.00599339283388644,"GROUP_3634","PEP-UTILIZING ENZYME FAMILY PROTEIN","PPSA"
"550",0.00598432567246382,"GROUP_969","CHLOROHYDROLASE","MTAD"
"551",0.00596862254951731,"GROUP_10078","CHROMOSOME SEGREGATION HELICASE ATPASE AAA FAMILY","RARA"
"552",0.0059290676433,"GROUP_4982","PLASMID PRIA4B ORF-3-LIKE PROTEIN",""
"553",0.00590446700780222,"GROUP_5758","GLYCOSYLTRANSFERASE INVOLVED IN CELL WALL BIOGENESIS","KFOC_2"
"554",0.00581951638041946,"GROUP_13988","ABC TRANSPORTER ATP-BINDING PROTEIN",""
"555",0.00579137382253331,"LICT","TRANSCRIPTION ANTITERMINATOR LICT",""
"556",0.00550631555832577,"GROUP_4347","CAAX AMINO PROTEASE FAMILY PROTEIN",""
"557",0.00549484494324241,"GROUP_4182","COMPETENCE FACTOR TRANSPORT PROTEIN COMB","COMB"
"558",0.00547584390386366,"GROUP_815","REPAIR PROTEIN",""
"559",0.00547259428764415,"GROUP_8523","ACETYLTRANSFERASE GNAT FAMILY","PAIA"
"560",0.00543913802625497,"HSDS_1","TYPE I RESTRICTION-MODIFICATION SYSTEM SUBUNIT S",""
"561",0.00538654542642342,"LACC","TAGATOSE 6-PHOSPHATE KINASE",""
"562",0.00527767405442359,"KSTR2","TETR FAMILY TRANSCRIPTIONAL REGULATOR",""
"563",0.0052446961482566,"GROUP_13673","MEMBRANE SPANNING PROTEIN","YJJP"
"564",0.00524444519196643,"GROUP_9491","LIPOPROTEIN",""
"565",0.00521947798413512,"GROUP_9493","LIPOPROTEIN",""
"566",0.00519483994904282,"MTNB","CLASS II ALDOLASE/ADDUCIN",""
"567",0.00511307284857832,"GROUP_13419","GFO/IDH/MOCA FAMILY OXIDOREDUCTASE","MOCA"
"568",0.00493921215613991,"IGA_1","SURFACE PROTEIN (FRAGMENT)",""
"569",0.00487063595353563,"GROUP_497","TYPE I RESTRICTION-MODIFICATION SYSTEM S PROTEIN","HSDS_1"
"570",0.00485544217803858,"PPHA","SERINE/THREONINE PROTEIN PHOSPHATASE",""
"571",0.00477691899968838,"GROUP_8241","GLYCOSYLTRANSFERASE INVOLVED IN CELL WALL BIOGENESIS",""
"572",0.00470370357385128,"GROUP_12864","PHAGE TAIL PROTEIN",""
"573",0.00467391954996851,"GROUP_11187","PHAGE PROTEIN",""
"574",0.00460202810270462,"GROUP_7131","TRANSCRIPTIONAL ACTIVATOR","ATXA"
"575",0.00459464549982139,"GROUP_13318","TYPE I RESTRICTION ENZYME RELATED PROTEIN",""
"576",0.00452626253460563,"METN2","ATP-BINDING TRANSPORT PROTEIN",""
"577",0.00451859984875117,"GROUP_15589","DIHYDROOROTATE DEHYDROGENASE 1A","PYRA"
"578",0.00442652962030256,"GROUP_8294","6-PHOSPHO-BETA-GALACTOSIDASE","LACG_2"
"579",0.00434581598074204,"GROUP_6705","SUCROSE-6-PHOSPHATE HYDROLASE","SACA"
"580",0.00433744079487619,"GROUP_4765","ESTERASE",""
"581",0.00429097250459452,"GROUP_3048","PHAGE PROTEIN",""
"582",0.00428884777930037,"GROUP_7135","TRANSCRIPTIONAL ACTIVATOR","ATXA"
"583",0.00412223044881291,"MALR","MALTOSE OPERON TRANSCRIPTIONAL REPRESSOR",""
"584",0.00404712462668916,"GROUP_4063","COMPETENCE FACTOR TRANSPORTING ATP-BINDING PROTEIN/PERMEASE COMA","COMA"
"585",0.00403676887208541,"GATA_1","PHOSPHOENOLPYRUVATE-DEPENDENT SUGAR PHOSPHOTRANSFERASE SYSTEM",""
"586",0.00385978008918066,"GROUP_4491","ALPHA-GLYCEROPHOSPHATE OXIDASE","GLPO"
"587",0.00381607758958537,"GLPR","REGULATORY PROTEIN",""
"588",0.00379565282794581,"CZCD","CATION EFFLUX SYSTEM PROTEIN",""
"589",0.00376223076103495,"GROUP_6621","DNA MODIFICATION METHYLTRANSFERASE M.XBAI","YHDJ"
"590",0.00374875009271734,"GROUP_1490","PUTATIVE ANTIRECEPTOR",""
"591",0.00370118219516922,"GROUP_12863","PHAGE TAIL PROTEIN",""
"592",0.0036964539942382,"GROUP_13319","TYPE I RESTRICTION ENZYME RELATED PROTEIN",""
"593",0.00355282168276736,"ILVA","THREONINE DEHYDRATASE",""
"594",0.0034334853245943,"PNUC","TRANSPORTER",""
"595",0.00339069181367924,"GROUP_4597","MEMBRANE PROTEIN",""
"596",0.0033809301499328,"GROUP_1980","U32 FAMILY PEPTIDASE","YHBU_1"
"597",0.00330693800214309,"ADHR","MERR FAMILY TRANSCRIPTIONAL REGULATOR",""
"598",0.0032661518244884,"GROUP_2634","PTS SYSTEM IIB COMPONENT (GALACTITOL/FRUCTOSE SPECIFIC)","LEPA"
"599",0.00325684953712804,"GROUP_5762","GLYCOSYLTRANSFERASE INVOLVED IN CELL WALL BIOGENESIS","KFOC_2"
"600",0.00314418633232782,"GROUP_421","MOBILE GENETIC ELEMENT","IS1381-TRUNCATION"
"601",0.00311683658340991,"GROUP_5335","ARGININOSUCCINATE SYNTHASE","ARGG"
"602",0.00308077266697145,"GROUP_13537","ANTIRESTRICTION PROTEIN",""
"603",0.00304452048361666,"MLC_2","ROK FAMILY PROTEIN",""
"604",0.00302377932222348,"DEGA_2","LACI FAMILY TRANSCRIPTIONAL REGULATOR",""
"605",0.00295614175569805,"GROUP_6481","LEADER PEPTIDASE",""
"606",0.00292922694960454,"GROUP_9046","THIOREDOXIN",""
"607",0.00290318102407612,"GROUP_9947","LIPOPROTEIN PUTATIVE",""
"608",0.00284869432482574,"GROUP_8525","ACETYLTRANSFERASE GNAT FAMILY","PAIA"
"609",0.00274642971838566,"MMSA","BRANCH MIGRATION OF HOLLIDAY JUNCTIONS JUNCTION-SPECIFIC DNA HELICASEATP-DEPENDENT DNA HELICASE RECG HOMOLOG",""
"610",0.0027147743838701,"PHTE_1","PNEUMOCOCCAL HISTIDINE TRIAD PROTEIN E",""
"611",0.00265909242938315,"GROUP_2519","SERINE/THREONINE PROTEIN KINASE",""
"612",0.00264688911442359,"GROUP_5252","BACTERIOCIN PUTATIVE","XLYA"
"613",0.00262851476323633,"GROUP_4388","INTEGRASE","INT-TN_2"
"614",0.00260276753526211,"GROUP_4348","BRP/BLH FAMILY BETA-CAROTENE 1515'-MONOOXYGENASE",""
"615",0.00256316963349546,"GROUP_10953","MUTT/NUDIX FAMILY PROTEIN","MUTX_1"
"616",0.00254229032165888,"FEUB","IRON-COMPOUND ABC TRANSPORTER PERMEASE",""
"617",0.00244726298200972,"GROUP_6817","ARGININE REPRESSOR","ARGR1"
"618",0.00240160857471508,"GROUP_10910","PERMEASE",""
"619",0.00229732988717778,"GROUP_6529","PUTATIVE TRANSCRIPTIONAL REGULATOR","RGGD_2"
"620",0.00224804809641556,"GROUP_2094","COMPETENCE-SPECIFIC GLOBAL TRANSCRIPTION MODULATOR",""
"621",0.00219644497620895,"GROUP_624","INTEGRASE/RECOMBINASE PHAGE INTEGRASE FAMILY PROTEIN","XERC_1"
"622",0.00212503908150279,"GROUP_10954","MUTT/NUDIX FAMILY PROTEIN","MUTX_1"
"623",0.0020500437060347,"GROUP_10355","LACI FAMILY TRANSCRIPTIONAL REGULATOR","DEGA_2"
"624",0.00196252237750553,"MALF","MALTODEXTRIN ABC TRANSPORTER PERMEASE",""
"625",0.00195235348466353,"GROUP_12876","PHAGE PROTEIN",""
"626",0.00182435333497411,"YESO_3","ABC TRANSPORTER SUBSTRATE-BINDING PROTEIN",""
"627",0.00161153811331029,"PROV","ABC TRANSPORTER ATP-BINDING PROTEIN",""
"628",0.00141380069324619,"GROUP_11563","BRANCH MIGRATION OF HOLLIDAY JUNCTIONS JUNCTION-SPECIFIC DNA HELICASEATP-DEPENDENT DNA HELICASE RECG HOMOLOG","MMSA"
"629",0.00132947336101302,"GROUP_14020","GLYCEROL FACILITATOR-AQUAPORIN","GLA"
"630",0.00125482181994578,"GROUP_3256","LANTIBIOTIC SYNTHETASE","IRTB"
"631",0.00118842620185871,"GROUP_4824","ABC TRANSPORTER ATP-BINDING PROTEIN","MACB_1"
"632",0.000939576280621725,"GROUP_13394","DNA POLYMERASE III SUBUNIT EPSILON","DNAQ"
"633",0.000937338813899206,"GROUP_17366","THREONINE DEHYDRATASE","ILVA"
"634",0.000928806736039596,"GROUP_6171","PNEUMOCOCCAL HISTIDINE TRIAD PROTEIN D PRECURSOR",""
"635",0.000808720956355692,"GROUP_4851","ESTERASE",""
"636",0.000783098181622394,"GROUP_19614","PTS SYSTEM GALACTITOL-SPECIFIC TRANSPORTER SUBUNIT IIC","GATC_1"
"637",0.00076612236465626,"DEGA_1","TRANSCRIPTIONAL REGULATOR",""
"638",0.000736431806056596,"GROUP_6438","TN916 ORF15 SIGNAL PEPTIDE CONTAINING PROTEIN",""
"639",0.000721162231172046,"GROUP_12169","TRANSCRIPTIONAL REGULATOR MARR FAMILY",""
"640",0.000669377001024875,"GROUP_4965","CARBAMOYLPHOSPHATE SYNTHASE LARGE SUBUNIT",""
"641",0.000600471481271594,"GROUP_18317","PHOSPHOTRANSFERASE SYSTEM PROTEIN","GATB_1"
"642",0.000384684200023891,"GROUP_11000","TRANSCRIPTIONAL REGULATOR","DEGA_1"
"643",0.00027039435482971,"IAP","LIPOPROTEIN NLP/P60 FAMILY",""
"644",0.000261195600628704,"RESA","THIOREDOXIN",""
"645",0.00023038634088865,"DNAQ","DNA POLYMERASE III SUBUNIT EPSILON",""
"646",0.000201931517553467,"ARGG","ARGININOSUCCINATE SYNTHASE TRUNCATION",""
"647",0.000143318023743845,"GROUP_4642","AMINO ACID ABC TRANSPORTER PERMEASE","ARTQ_2"
"648",-0.000191992675062741,"GROUP_2660","GTP-BINDING PROTEIN LEPA","LEPA"
"649",-0.000276599432306271,"GROUP_1568","TN5253 BACTERIOCINE PUTATIVE",""
"650",-0.000360637056847903,"GROUP_11740","MOBILE ELEMENT PROTEIN","INT-TN_2"
"651",-0.000412922966796662,"GROUP_8945","PHAGE PROTEIN",""
"652",-0.000607502368033484,"YCJP_3","ABC TRANSPORTER-SUGAR TRANSPORT N-ACETYLNEURAMINATE TRANSPORT SYSTEM PERMEASE",""
"653",-0.000810670281959704,"GROUP_10403","DRTGG DOMAIN/CBS DOMAIN-CONTAINING PROTEIN",""
"654",-0.000910608576509195,"MURZ","ACETYLTRANSFERASE",""
"655",-0.000968731935094993,"GIDA_2","TRNA (URACIL-5-)-METHYLTRANSFERASE GID",""
"656",-0.00125011068279833,"GROUP_10909","PERMEASE",""
"657",-0.00125351574896166,"GROUP_12168","TRANSCRIPTIONAL REGULATOR MARR FAMILY",""
"658",-0.00131295578185658,"TETM","TETRACYCLINE RESISTANCE PROTEIN TETM",""
"659",-0.00134248439441681,"DSBD_2","CYTOCHROME C-TYPE BIOGENESIS PROTEIN CCDA",""
"660",-0.00138790065834755,"GROUP_1545","TN5253 CAAX AMINO TERMINAL PROTEASE FAMILY",""
"661",-0.00144931188038734,"GROUP_3338","BINDING-PROTEIN-DEPENDENT TRANSPORT SYSTEMS INNER MEMBRANE COMPONENT",""
"662",-0.00153690825319002,"GROUP_641","TYPE I RESTRICTION-MODIFICATION SYSTEM S SUBUNIT PUTATIVE","XERC_1"
"663",-0.00163269378990835,"PHES","PHENYLALANYL-TRNA SYNTHETASE ALPHA CHAIN",""
"664",-0.00168399586773468,"GROUP_14863","ROK FAMILY PROTEIN","MLC"
"665",-0.00182414945406008,"RGGD_2","PUTATIVE TRANSCRIPTIONAL REGULATOR",""
"666",-0.00193948497960916,"GROUP_12163","ABC TRANSPORTER ATP-BINDING PROTEIN","PROV_1"
"667",-0.00196237554696021,"BGLH","BETA-GLUCOSIDASE",""
"668",-0.00206006404971724,"GROUP_16302","PHENYLALANYL-TRNA SYNTHETASE ALPHA CHAIN","PHES"
"669",-0.0021812722206448,"GROUP_15157","ABC TRANSPORTER-SUGAR TRANSPORT N-ACETYLNEURAMINATE TRANSPORT SYSTEM PERMEASE","YCJP_4"
"670",-0.00220100074519729,"GROUP_12786","TRNA (URACIL-5-)-METHYLTRANSFERASE GID","GIDA_2"
"671",-0.00221569334242172,"GROUP_4767","ESTERASE",""
"672",-0.0022360335753431,"GROUP_5806","ABC TRANSPORTER ATP-BINDING PROTEIN/PERMEASE","YHEI_2"
"673",-0.00234888281730362,"GROUP_10223","ABC TRANSPORTER PERMEASE SP1688","YCJP_2"
"674",-0.00236786031279772,"LEPA","GTP-BINDING PROTEIN LEPA",""
"675",-0.0025367461027163,"GROUP_15458","BACTERIOCIN",""
"676",-0.00257527027793819,"GATC_1","PTS SYSTEM GALACTITOL-SPECIFIC FAMILY TRANSPORTER SUBUNIT IIC",""
"677",-0.00266741645234798,"GROUP_8588","TRANSCRIPTIONAL REGULATOR PROTEIN",""
"678",-0.00272082094504471,"GROUP_12220","HOLLIDAY JUNCTION RESOLVASE",""
"679",-0.0028265463034666,"YCJP_2","ABC TRANSPORTER PERMEASE SP1688",""
"680",-0.00299333417426708,"GROUP_7227","PHAGE PROTEIN",""
"681",-0.00302058608865128,"GROUP_483","UNCHARACTERIZED CONSERVED PROTEIN",""
"682",-0.00340371413118941,"PGDA","PEPTIDOGLYCAN N-ACETYLGLUCOSAMINE DEACETYLASE A",""
"683",-0.003420093176604,"GROUP_5311","CELL WALL SURFACE ANCHOR FAMILY PROTEIN","SPAP"
"684",-0.00354609607099529,"GROUP_12235","CYTOCHROME C-TYPE BIOGENESIS PROTEIN CCDA","DSBD_2"
"685",-0.00410351504257401,"GROUP_11239","PUTATIVE CONJUGATIVE TRANSPOSON PROTEIN",""
"686",-0.00411630609526463,"GROUP_11179","ABC TRANSPORTER PERMEAE",""
"687",-0.00447998175745203,"YHEI_2","ABC TRANSPORTER ATP-BINDING PROTEIN/PERMEASE",""
"688",-0.00454491916721665,"ARTM_3","ABC TRANSPORTER ATP-BINDING PROTEIN",""
"689",-0.00454510858562206,"ARTM_1","ABC TRANSPORTER ATP-BINDING PROTEIN",""
"690",-0.00456583747765264,"GLCA","BETA GLUCANASE",""
"691",-0.00458287691485715,"GROUP_7388","MALTODEXTRIN ABC TRANSPORTER PERMEASE","MALF"
"692",-0.00466370945178595,"BGLA","GLYCOSYL HYDROLASE",""
"693",-0.00473252807293868,"GROUP_6411","30S RIBOSOMAL PROTEIN S4","RPSD"
"694",-0.00491668369680475,"GROUP_13990","ABC TRANSPORTER ATP-BINDING PROTEIN",""
"695",-0.00511900671161452,"GROUP_6901","MEMBRANE PROTEIN",""
"696",-0.00521884060885715,"GROUP_7565","GNAT FAMILY ACETYLTRANSFERASE",""
"697",-0.00538756123001075,"GROUP_629","TOXIN-ANTITOXIN SYSTEM ANTITOXIN COMPONENTABRB FAMILY","XERC_2"
"698",-0.00543833946145228,"XLYA","LYSM DOMAIN PROTEIN",""
"699",-0.00551042984052305,"GROUP_9045","THIOREDOXIN","RESA"
"700",-0.00556243351853101,"GROUP_4815","EXPORTED GLYCOSYL HYDROLASE",""
"701",-0.00579173543624041,"GROUP_9207","GNAT FAMILY ACETYLTRANSFERASE",""
"702",-0.00583486217961242,"GROUP_4358","SIALIDASE A (NEURAMINIDASE A)","NANA_1"
"703",-0.0059502533569285,"GROUP_2023","PROTEIN LACX PLASMID","NANA_3"
"704",-0.00603323764338991,"ATPE","F0F1 ATP SYNTHASE SUBUNIT C",""
"705",-0.00626065158675143,"MACB_2","ABC TRANSPORTER PERMEAE",""
"706",-0.0063415956444051,"PEPXP","X-PROLYL-DIPEPTIDYL AMINOPEPTIDASE",""
"707",-0.00636115235326289,"GROUP_4894","ENDONUCLEASE/EXONUCLEASE/PHOSPHATASE FAMILY",""
"708",-0.00652139913464303,"GROUP_11177","ABC TRANSPORTER PERMEAE",""
"709",-0.00660709107117175,"MALK_2","BINDING-PROTEIN-DEPENDENT TRANSPORT SYSTEMS INNER MEMBRANE COMPONENT",""
"710",-0.00660899919479099,"GROUP_3060","PUTATIVE HOLIN 1",""
"711",-0.00662607999569999,"GROUP_8293","6-PHOSPHO-BETA-GALACTOSIDASE","LACG_1"
"712",-0.00675565635099592,"PHTE-TRUNCATION","PNEUMOCOCCAL HISTIDINE TRIAD PROTEIN E",""
"713",-0.00676698401270943,"GROUP_14843","ADHESION LIPOPROTEIN","LMB"
"714",-0.00679952472677234,"LTRA","REVERSE TRANSCRIPTASE/MATURASE GROUP FT II INTRONS",""
"715",-0.0068329305647373,"PHOP","RESPONSE REGULATOR",""
"716",-0.0069108348848468,"GROUP_4850","ESTERASE",""
"717",-0.0070090990101562,"GROUP_16741","FIG086557: CONJUGATION RELATED PROTEIN",""
"718",-0.00706194828395299,"GROUP_14095","MOBILE ELEMENT PROTEIN",""
"719",-0.00706863618259637,"GROUP_9954","ACETYLTRANSFERASE",""
"720",-0.00723470129531641,"GROUP_5138","N-ACETYLMANNOSAMINE-6-PHOSPHATE 2-EPIMERASE 2 (MANNAC-6-P EPIMERASE 2)","NANE2"
"721",-0.00725016635293873,"GROUP_9618","MEMBRANE PROTEIN",""
"722",-0.00734950445021527,"GROUP_420","UNCHARACTERIZED CONSERVED PROTEIN","IS1381-TRUNCATION"
"723",-0.00742991554644578,"GROUP_15665","F0F1 ATP SYNTHASE SUBUNIT C","ATPE"
"724",-0.00770160024819593,"GROUP_6787","PHAGE MINOR TAIL PROTEIN",""
"725",-0.00770808979025303,"GROUP_7717","NOL1/NOP2/SUN FAMILY PROTEIN","RSMF"
"726",-0.00773222494103343,"GROUP_4734","GLYOXALASE-LIKE PROTEIN",""
"727",-0.00776763958549459,"GROUP_2720","PHAGE HOLIN LL-H FAMILY",""
"728",-0.0077994338338976,"YVGN","25-DIKETO-D-GLUCONIC ACID REDUCTASE A",""
"729",-0.0078685912786657,"YDHF","ALDO/KETO REDUCTASE FAMILY OXIDOREDUCTASE",""
"730",-0.00788021220684764,"GROUP_4502","25-DIKETO-D-GLUCONIC ACID REDUCTASE A","YVGN"
"731",-0.00790411916016966,"PPSA","PEP-UTILIZING ENZYME FAMILY PROTEIN",""
"732",-0.00796088187852273,"GROUP_1390","CELL WALL SURFACE ANCHOR FAMILY PROTEIN",""
"733",-0.00809393528793216,"TKT","TRANSKETOLASE",""
"734",-0.00816888670469339,"HIN","SITE-SPECIFIC RECOMBINASE/RESOLVASE",""
"735",-0.00820480925220852,"IRTB","LANTIBIOTIC SYNTHETASE",""
"736",-0.00820612288677806,"DHAM","SUGAR PHOSPHOTRANSFERASE SYSTEM (PTS) FRUCTOSE FAMILY IIA COMPONENT",""
"737",-0.00831626333061946,"PGPA","PHOSPHATIDYLGLYCEROPHOSPHATASE A",""
"738",-0.00835995759749954,"GROUP_2984","RADICAL SAM FAMILY PROTEIN",""
"739",-0.00837741414974619,"GROUP_4899","ENDONUCLEASE/EXONUCLEASE/PHOSPHATASE FAMILY",""
"740",-0.0084514260895089,"GROUP_8623","AMINO ACID ABC TRANSPORTER AMINO ACID-BINDING PROTEIN","TCYJ"
"741",-0.00857213361782348,"GROUP_2707","PHAGE HOLIN LL-H FAMILY",""
"742",-0.00858886471134419,"PSTB3_1","PHOSPHATE ABC TRANSPORTER ATP-BINDING PROTEIN",""
"743",-0.00860116847938545,"SALX","ABC TRANSPORTER ATP-BINDING PROTEIN",""
"744",-0.0086289819462369,"RSMF","NOL1/NOP2/SUN FAMILY PROTEIN",""
"745",-0.00865051035289002,"GROUP_2637","PTS SYSTEM GALACTOSE-SPECIFIC TRANSPORTER SUBUNIT IIB",""
"746",-0.00865133918156525,"GROUP_6640","SURFACE ANCHORED PROTEIN",""
"747",-0.00893370926097661,"ATPF","PROTON-TRANSLOCATING ATPASE F0 SECTOR SUBUNIT B",""
"748",-0.0091935858481181,"QMCA","SPFH DOMAIN/BAND 7 FAMILY",""
"749",-0.00936455700078695,"TCYJ","AMINO ACID ABC TRANSPORTER AMINO ACID-BINDING PROTEIN",""
"750",-0.00941279147532256,"GROUP_13397","PADR FAMILY TRANSCRIPTIONAL REGULATOR",""
"751",-0.00942992382646642,"GROUP_12590","LACTOSE-SPECIFIC PHOSPHOTRANSFERASE EIIA","LACF_2"
"752",-0.00956873195211038,"GROUP_11705","PHAGE STRUCTURAL PROTEIN",""
"753",-0.00959674411954311,"ARGR1","ARGININE REPRESSOR",""
"754",-0.00960781218059502,"GROUP_12592","LACTOSE-SPECIFIC PHOSPHOTRANSFERASE EIIA","LACF_2"
"755",-0.00964023984565993,"GROUP_6273","ALPHA MANNOSIDASE","MNGB"
"756",-0.00971272961291574,"YIDA_2","COF FAMILY PROTEIN",""
"757",-0.00972978823920176,"GROUP_4540","D-ALANYL CARRIER PROTEIN DCP","DLTC"
"758",-0.0100596452944095,"GROUP_578","PNEUMOCOCCAL HISTIDINE TRIAD PROTEIN D","PHPA"
"759",-0.0100753972473329,"GROUP_3050","PHAGE PROTEIN",""
"760",-0.010090973734714,"GROUP_4967","CARBAMOYLPHOSPHATE SYNTHASE LARGE SUBUNIT",""
"761",-0.0101248170255333,"GROUP_17362","PROTON-TRANSLOCATING ATPASE F0 SECTOR SUBUNIT B","ATPF"
"762",-0.010139187823974,"GROUP_14705","ABC TRANSPORTER PERMEAE","MACB_4"
"763",-0.0101695195416767,"GROUP_12603","PHAGE PROTEIN",""
"764",-0.0102309629432937,"GROUP_11138","PHOSPHATE ABC TRANSPORTER ATP-BINDING PROTEIN","PSTB3_1"
"765",-0.0102481988818806,"GROUP_13398","PADR FAMILY TRANSCRIPTIONAL REGULATOR",""
"766",-0.0104227653444979,"SSB1","PHAGE SINGLE-STRAND DNA BINDING PROTEIN",""
"767",-0.0105926980754912,"GROUP_14904","PHAGE PROTEIN",""
"768",-0.0107280982827579,"NANE2_2","N-ACETYLMANNOSAMINE-6-PHOSPHATE 2-EPIMERASE 2 (MANNAC-6-P EPIMERASE 2)",""
"769",-0.0108101331263412,"GROUP_13253","MAJOR TAIL SHAFT PROTEIN",""
"770",-0.0109411068265562,"GROUP_14450","PHAGE SCAFFOLDING PROTEIN",""
"771",-0.0109425574084736,"CTPA","CATION TRANSPORTER E1-E2 FAMILY ATPASE",""
"772",-0.0110040720965081,"GROUP_12867","PHAGE GP15 PROTEIN",""
"773",-0.0110846164696653,"GROUP_4177","COMPETENCE FACTOR TRANSPORT PROTEIN COMB","COMB"
"774",-0.0111600522245642,"GROUP_2516","SERINE/THREONINE PROTEIN KINASE",""
"775",-0.0112229102246977,"NANA_1","SIALIDASE A (NEURAMINIDASE A)",""
"776",-0.0112870113565894,"GROUP_4062","COMPETENCE FACTOR TRANSPORTING ATP-BINDING PROTEIN/PERMEASE COMA","COMA"
"777",-0.0112937005987465,"GDHA","GLUTAMATE DEHYDROGENASE",""
"778",-0.0113075345083402,"YESO_1","EXTRACELLULAR SOLUTE-BINDING PROTEIN",""
"779",-0.0113191139808198,"LMB","ADHESION LIPOPROTEIN",""
"780",-0.0114293140473202,"GROUP_6286","ATP-BINDING TRANSPORT PROTEIN","METN2"
"781",-0.0114870692074741,"GROUP_4615","MEMBRANE PROTEIN",""
"782",-0.011593873187779,"GROUP_12231","DAUNORUBICIN RESISTANCE TRANSMEMBRANE PROTEIN",""
"783",-0.0117827854435677,"GROUP_12642","COF FAMILY PROTEIN","YIDA_2"
"784",-0.0118413266406718,"GROUP_1383","CELL WALL SURFACE ANCHOR FAMILY PROTEIN",""
"785",-0.0119294246847872,"LACR","LACTOSE PHOSPHOTRANSFERASE SYSTEM REPRESSOR",""
"786",-0.0119403528597384,"ARTP_1","AMINO ACID ABC TRANSPORTER PERIPLASMIC AMINO ACID-BINDING PROTEIN",""
"787",-0.0120484857608727,"GROUP_14341","ABC TRANSPORTER ATP-BINDING PROTEIN","SALX"
"788",-0.0121363639279167,"ABC-NDB","ABC TRANSPORTER ATP-BINDING PROTEIN",""
"789",-0.0123145581559541,"GROUP_2524","SERINE/THREONINE PROTEIN KINASE",""
"790",-0.0123435167987533,"GROUP_9827","COA-BINDING PROTEIN","YCCU"
"791",-0.0124940020849237,"YCCU","COA-BINDING PROTEIN",""
"792",-0.0126640335439656,"FUCOLECTIN-REL_2","REPAIR PROTEIN",""
"793",-0.0127581993077149,"DLTC","D-ALANYL CARRIER PROTEIN DCP",""
"794",-0.0129240407221826,"GROUP_5356","ADENYLOSUCCINATE LYASE",""
"795",-0.0129298166208791,"GROUP_16076","GLUCOSE-1-PHOSPHATE ADENYLYL TRANSFERASE","YEBC"
"796",-0.0129844735176536,"GROUP_492","INTEGRASE/RECOMBINASE PHAGE INTEGRASE FAMILY","HSDS_1"
"797",-0.0132241281954617,"GROUP_13364","PTS SYSTEM MANNOSE/FRUCTOSE/N-ACETYLGALACTOSAMINE-SPECIFIC TRANSPORTER SUBUNIT IID","MANZ_3"
"798",-0.0133888745822533,"YEBC","GLUCOSE-1-PHOSPHATE ADENYLYL TRANSFERASE",""
"799",-0.0133964082045828,"QUEF","7-CYANO-7-DEAZAGUANINE REDUCTASE",""
"800",-0.0134558765905915,"XERC_1","PROPHAGE MAINTENANCE SYSTEM KILLER PROTEIN",""
"801",-0.0138718054317029,"GROUP_7823","TRANSCRIPTIONAL REGULATOR BGLG FAMILY","CMTB"
"802",-0.013874547279965,"GROUP_4820","ABC TRANSPORTER ATP-BINDING PROTEIN","MACB_6"
"803",-0.0141862739977451,"GROUP_1063","AUTOLYSIN","LYTA_1"
"804",-0.0144891319412438,"GROUP_4877","PHAGE PROTEIN",""
"805",-0.0145455201168076,"GROUP_11878","PROTEIN OF UNKNOWN FUNCTION (DUF3290)",""
"806",-0.0146005708820274,"YHEI_1","ABC TRANSPORTER ATP-BINDING PROTEIN/PERMEASE",""
"807",-0.014629239185707,"GROUP_9039","DRUG EFFLUX ABC TRANSPORTER ATP-BINDING/PERMEASE PROTEIN","IRTB"
"808",-0.0146792071635459,"GROUP_16182","UPF0374 PROTEIN SSU05",""
"809",-0.0146799734951616,"GROUP_14716","LACTOSE PHOSPHOTRANSFERASE SYSTEM REPRESSOR","LACR"
"810",-0.014887373721811,"GROUP_5840","REGULATORY PROTEIN",""
"811",-0.0149023337701781,"PTSI","PHOSPHOENOLPYRUVATE-PROTEIN PHOSPHOTRANSFERASE OF PTS SYSTEM",""
"812",-0.0149129030994088,"GROUP_7159","SENSOR HISTIDINE KINASE","YPDA"
"813",-0.0149797410611359,"GROUP_5165","PTS SYSTEM GALACTITOL-SPECIFIC FAMILY TRANSPORTER SUBUNIT IIC","GATC_2"
"814",-0.0151844179573002,"TRUC","RIBOSOMAL LARGE SUBUNIT PSEUDOURIDINE SYNTHASE RLUD SUBFAMILY PROTEIN",""
"815",-0.0152413029159091,"GROUP_4162","NA+ ABC TRANSPORTER ATP-BINDING PROTEIN","ECSA_2"
"816",-0.0153109003757711,"GROUP_6115","ABC TRANSPORTER ATP-BINDING PROTEIN/PERMEASE","YHEI_1"
"817",-0.0154014369817019,"GROUP_7919","RIBOSOMAL LARGE SUBUNIT PSEUDOURIDINE SYNTHASE RLUD SUBFAMILY PROTEIN","TRUC"
"818",-0.0154656987319676,"GROUP_1502","PLATELET-BINDING PHAGE PROTEIN",""
"819",-0.0156979992984797,"GROUP_11116","MEMBRANE-FUSION PROTEIN","MACB_4"
"820",-0.0158316787275284,"GROUP_8106","AMINO ACID ABC TRANSPORTER PERIPLASMIC AMINO ACID-BINDING PROTEIN","ARTP_2"
"821",-0.0159042385456359,"GROUP_10987","MULTI ANTIMICROBIAL EXTRUSION (MATE) FAMILY TRANSPORTER","MEPA"
"822",-0.015959497692175,"GROUP_427","MOBILE GENETIC ELEMENT","IS1381-TRUNCATION"
"823",-0.0160511900202677,"YPDA","SENSOR HISTIDINE KINASE",""
"824",-0.0161803618433072,"GROUP_10792","SINGLE-STRAND BINDING PROTEIN FAMILY","SSB"
"825",-0.0162157785806699,"MEPA","MULTI ANTIMICROBIAL EXTRUSION (MATE) FAMILY TRANSPORTER",""
"826",-0.0162760362248418,"GROUP_5132","N-ACETYLMANNOSAMINE-6-PHOSPHATE 2-EPIMERASE 2 (MANNAC-6-P EPIMERASE 2)","NANE2"
"827",-0.0164201440680943,"GROUP_13045","PHOSPHOENOLPYRUVATE-PROTEIN PHOSPHOTRANSFERASE OF PTS SYSTEM","PTSI"
"828",-0.0166692612113129,"GROUP_2073","COMPETENCE-SPECIFIC GLOBAL TRANSCRIPTION MODULATOR","NUSG"
"829",-0.0166981484584062,"GROUP_9384","UDP-N-ACETYLGLUCOSAMINE 1-CARBOXYVINYLTRANSFERASE 2","MURZ"
"830",-0.0167953152491038,"GROUP_9731","CATION TRANSPORTER E1-E2 FAMILY ATPASE","CTPA"
"831",-0.0167979611221251,"GROUP_13642","ABC TRANSPORTER PERMEASE",""
"832",-0.0168427114323766,"GROUP_599","PNEUMOCOCCAL HISTIDINE TRIAD PROTEIN B","PHTD"
"833",-0.0168434254119499,"GROUP_6907","HELICASE COMFA","COMFA"
"834",-0.0169627565381054,"GROUP_11165","YITT FAMILY PROTEIN",""
"835",-0.0172662253334006,"GROUP_11115","MEMBRANE-FUSION PROTEIN",""
"836",-0.0174921437825059,"GROUP_6147","INTEGRAL MEMBRANE PROTEIN",""
"837",-0.0175138152374064,"GROUP_11163","YITT FAMILY PROTEIN",""
"838",-0.0175327339569923,"GROUP_6142","INTEGRAL MEMBRANE PROTEIN",""
"839",-0.0176472830757532,"GROUP_16374","GLYCERALDEHYDE-3-PHOSPHATE DEHYDROGENASE","GAPA"
"840",-0.0176779767101892,"GROUP_13690","CHROMOSOME PARTITIONING PROTEIN PARB",""
"841",-0.0177124665686538,"AFR","GFO/IDH/MOCA FAMILY OXIDOREDUCTASE",""
"842",-0.0178262076022421,"GROUP_2636","PTS SYSTEM GALACTOSE-SPECIFIC TRANSPORTER SUBUNIT IIB","LEPA"
"843",-0.0181129880193253,"GAPA","GLYCERALDEHYDE-3-PHOSPHATE DEHYDROGENASE",""
"844",-0.0181388032719145,"MACB_1","BACTERIOCIN IMMUNITY PROTEIN",""
"845",-0.0184727490382175,"GROUP_8979","ABC TRANSPORTER ATP-BINDING PROTEIN","FBPC"
"846",-0.018474529464004,"GROUP_8980","ABC TRANSPORTER ATP-BINDING PROTEIN","FBPC"
"847",-0.0186812922068538,"NFRA2","NITROREDUCTASE NADPH-FLAVIN OXIDOREDUCTASE",""
"848",-0.0189078371225361,"GROUP_2646","PTS SYSTEM GALACTOSE-SPECIFIC TRANSPORTER SUBUNIT IIB","LEPA"
"849",-0.0190253516933531,"GROUP_4705","MUTT/NUDIX FAMILY PROTEIN",""
"850",-0.0191766779662924,"GROUP_8681","URACIL DNA GLYCOSYLASE",""
"851",-0.0192403985151152,"PHTE","PNEUMOCOCCAL HISTIDINE TRIAD PROTEIN E",""
"852",-0.0193977900792347,"GROUP_3192","NITROREDUCTASE NADPH-FLAVIN OXIDOREDUCTASE","NFRA2"
"853",-0.0194764301020321,"GROUP_6620","DNA MODIFICATION METHYLTRANSFERASE M.XBAI","YHDJ"
"854",-0.0196150257279346,"IS1381-TRUNCATION_2","MOBILE GENETIC ELEMENT",""
"855",-0.0196520064566938,"GROUP_8679","URACIL DNA GLYCOSYLASE",""
"856",-0.0197395494899889,"GROUP_7196","ESTERASE","FRMB"
"857",-0.0199371823540599,"GROUP_6638","SURFACE ANCHORED PROTEIN",""
"858",-0.0199970558360216,"GROUP_7309","PUTATIVE METAL-DEPENDENT MEMBRANE PROTEASE",""
"859",-0.0200022262586388,"GLPQ2","GLYCEROPHOSPHORYL DIESTER PHOSPHODIESTERASE",""
"860",-0.0201308011637719,"GROUP_7882","PHAGE PROTEIN",""
"861",-0.0202699954070135,"GROUP_6483","LEADER PEPTIDASE",""
"862",-0.0202806367251075,"GROUP_11315","MEMBRANE PROTEIN",""
"863",-0.0202832098421589,"GROUP_11314","MEMBRANE PROTEIN",""
"864",-0.0203306061260502,"GROUP_8493","PEPTIDOGLYCAN N-ACETYLGLUCOSAMINE DEACETYLASE A","PGDA"
"865",-0.0204681708109054,"GROUP_7804","DNA POLYMERASE IV","DINP"
"866",-0.0205567445670785,"GROUP_11963","MEMBRANE PROTEIN",""
"867",-0.0206328908839065,"TCYA","ABC TRANSPORTER SUBSTRATE-BINDING LIPOPROTEIN",""
"868",-0.020649069054161,"GROUP_11158","DNA REPAIR PROTEIN","RADA"
"869",-0.0207495286137293,"GROUP_4446","REPLICATION INITIATOR PROTEIN A N-TERMINUS","REPA"
"870",-0.0207827937157822,"COMFA","HELICASE COMFA",""
"871",-0.0208093328054052,"GROUP_5532","RIBONUCLEASE HII","RNHB"
"872",-0.0208641954384584,"GROUP_2706","PROPHAGE PROTEIN",""
"873",-0.0208892456994799,"GROUP_12572","PENICILLIN-BINDING PROTEIN 2A","PBP2A"
"874",-0.0210820962189799,"PBP2A","PENICILLIN-BINDING PROTEIN 2A",""
"875",-0.0212326018106631,"GROUP_2654","PTS SYSTEM GALACTOSE-SPECIFIC TRANSPORTER SUBUNIT IIB","LEPA"
"876",-0.0212350493462272,"GROUP_16184","UPF0374 PROTEIN SSU05",""
"877",-0.0212412590323591,"GROUP_13989","ABC TRANSPORTER ATP-BINDING PROTEIN",""
"878",-0.0212654691759196,"FRMB","ESTERASE",""
"879",-0.0214341974296588,"GROUP_9372","ACETYLTRANSFERASE","MURZ"
"880",-0.0214451818759634,"GROUP_8543","RECOMBINATION REGULATOR RECX",""
"881",-0.0214494121437012,"GROUP_4857","ESTERASE",""
"882",-0.0215147339492444,"IGA","IMMUNOGLOBULIN A1 PROTEASE",""
"883",-0.0215156282186649,"GROUP_8544","RECOMBINATION REGULATOR RECX",""
"884",-0.0215306727640865,"GROUP_6904","HELICASE COMFA","COMFA"
"885",-0.0216232322482857,"GROUP_1083","AUTOLYSIN","LYTA_6"
"886",-0.0216644924448421,"GROUP_2784","SURFACE PROTEIN (FRAGMENT)","SDRD"
"887",-0.0217245789337772,"GROUP_11964","MEMBRANE PROTEIN",""
"888",-0.0218151316668258,"GROUP_3413","VOLTAGE-GATED CHLORIDE CHANNEL FAMILY PROTEIN","CLCA"
"889",-0.0218155928259947,"CAPD","NUCLEOSIDE-DIPHOSPHATE SUGAR ISOMERASE",""
"890",-0.0219001429614304,"GROUP_3353","MEMBRANE PROTEIN",""
"891",-0.0219321403532967,"GROUP_4772","ESTERASE",""
"892",-0.0219546041645259,"CLCA","VOLTAGE-GATED CHLORIDE CHANNEL FAMILY PROTEIN",""
"893",-0.0221823088975451,"RNHB","RIBONUCLEASE HII",""
"894",-0.0222301742176028,"GROUP_586","STREPTOCOCCAL HISTIDINE TRIAD PROTEIN PHPA","PHPA"
"895",-0.0224305824051289,"GROUP_2261","GP24",""
"896",-0.0224621194337155,"GROUP_8048","SAP DOMAIN-CONTAINING PROTEIN",""
"897",-0.0224673531825298,"METN","ABC TRANSPORTER ATP-BINDING PROTEIN",""
"898",-0.0224789091653149,"CCPA_1","CATABOLITE CONTROL PROTEIN",""
"899",-0.0227982155346638,"GROUP_2500","SER/THR PROTEIN PHOSPHATASE FAMILY PROTEIN",""
"900",-0.0228682592051926,"GROUP_4645","AMINO ACID ABC TRANSPORTER PERMEASE","ARTQ_2"
"901",-0.0228774595450959,"GROUP_6084","TRANSLATION FACTOR",""
"902",-0.0229192780496283,"GROUP_4022","BRANCHED-CHAIN AMINO ACID PERMEASE","YGAZ"
"903",-0.0229396781766331,"GROUP_2504","SER/THR PROTEIN PHOSPHATASE FAMILY PROTEIN",""
"904",-0.0229628216295852,"GROUP_7426","RESPONSE REGULATOR","ADAA"
"905",-0.0229659924566172,"GROUP_504","PBLB","PBLB"
"906",-0.0231926140952017,"GROUP_10102","INVOLVED IN TRANSFORMATION",""
"907",-0.0232638020820607,"GROUP_9050","THIOREDOXIN",""
"908",-0.0234295473297984,"GROUP_8099","LICHENAN-SPECIFIC PHOSPHOTRANSFERASE ENZYME IIA COMPONENT (PTS SYSTEM LICHENAN-SPECIFIC EIIA COMPONENT) (EIIA-LIC) (EIII-LIC)","LACF_1"
"909",-0.0235575855372542,"GROUP_2725","PHAGE HOLIN LL-H FAMILY",""
"910",-0.0235764599137262,"GROUP_7424","RESPONSE REGULATOR",""
"911",-0.0235946377534538,"GROUP_8282","SECRETED PROTEIN",""
"912",-0.0236080386541939,"GROUP_2027","PROTEIN LACX PLASMID","NANA_2"
"913",-0.0236789051375303,"GROUP_6448","BACTERIOCIN ABC TRANSOPORTER","LAGD_1"
"914",-0.0236848576521505,"GROUP_7347","ARYLSULFATASE",""
"915",-0.0237319036186656,"GROUP_9020","DUF1706 DOMAIN-CONTAINING PROTEIN",""
"916",-0.0237470255197842,"GROUP_9021","DUF1706 DOMAIN-CONTAINING PROTEIN",""
"917",-0.023823222093795,"GROUP_13456","FRUCTOSE-6-PHOSPHATE ALDOLASE","FSAA"
"918",-0.02393296017286,"GROUP_14996","FLAVODOXIN",""
"919",-0.0239560477174218,"FSAA","FRUCTOSE-6-PHOSPHATE ALDOLASE",""
"920",-0.0239647200182634,"GROUP_14995","FLAVODOXIN",""
"921",-0.0240749529876998,"GROUP_4023","AZLC FAMILY PROTEIN","YGAZ"
"922",-0.0241576097053001,"GROUP_4973","PLASMID PRIA4B ORF-3-LIKE PROTEIN",""
"923",-0.0241682216500786,"GROUP_10103","INVOLVED IN TRANSFORMATION",""
"924",-0.0241865562117676,"GROUP_8718","SERINE/THREONINE PROTEIN PHOSPHATASE","PPHA"
"925",-0.0242880845331589,"GROUP_2526","SERINE/THREONINE PROTEIN KINASE",""
"926",-0.0244660227272759,"GROUP_14871","NUCLEOSIDE-DIPHOSPHATE SUGAR ISOMERASE","CAPD"
"927",-0.0249944025845946,"MCRB","MCRBC 5-METHYLCYTOSINE RESTRICTION SYSTEM COMPONENT",""
"928",-0.0250259847255547,"HEMH","PROTOHEME FERRO-LYASE",""
"929",-0.0250547552617333,"GROUP_9532","ABC TRANSPORTER PERMEASE","METP"
"930",-0.0251794862845047,"METP","ABC TRANSPORTER PERMEASE",""
"931",-0.0252327656464763,"GROUP_11811","ABC TRANSPORTER ATP-BINDING PROTEIN","METN"
"932",-0.025294544870214,"GROUP_7349","TRANSCRIPTIONAL ACTIVATOR RGG/GADR/MUTR FAMILY PROTEIN",""
"933",-0.0253055591970864,"GROUP_2498","SER/THR PROTEIN PHOSPHATASE FAMILY PROTEIN",""
"934",-0.0253481652405219,"GROUP_1977","U32 FAMILY PEPTIDASE","YHBU_1"
"935",-0.0253909088416275,"GROUP_8480","AMINO ACID PERMEASE FAMILY PROTEIN","YFNA"
"936",-0.0254932486540842,"GROUP_15457","BACTERIOCIN",""
"937",-0.0256194820839517,"DAPE","DEACYLASE",""
"938",-0.0256475396622846,"TCYA_1","ABC TRANSPORTER SUBSTRATE-BINDING LIPOPROTEIN",""
"939",-0.0258147142270092,"GROUP_5587","PHAGE PROTEIN",""
"940",-0.0258197945383001,"RADA","DNA REPAIR PROTEIN",""
"941",-0.0259610479502701,"GROUP_593","PNEUMOCOCCAL HISTIDINE TRIAD PROTEIN A PRECURSOR","PHTA"
"942",-0.0262293439719632,"PGAC","GLYCOSYL TRANSFERASE",""
"943",-0.026282402900264,"GROUP_5261","LYSM DOMAIN PROTEIN","XLYA"
"944",-0.0264211707931093,"MURC_1","UDP-N-ACETYLMURAMATE--L-ALANINE LIGASE",""
"945",-0.0264434022759413,"GROUP_4015","MULTIDRUG ABC TRANSPORTER PERMEASE",""
"946",-0.0264447968940448,"NIKS","NIKKOMYCIN BIOSYNTHESIS PROTEIN CARBOXYLASE",""
"947",-0.0265187821272743,"GROUP_10185","COBALT TRANSPORT PROTEIN","YKOC"
"948",-0.0265187846137459,"GROUP_11965","MEMBRANE PROTEIN",""
"949",-0.0265404148453723,"GROUP_10412","OLIGOPEPTIDE ABC TRANSPORTER ATP-BINDING PROTEIN AMIF","AMIF"
"950",-0.0265755081657676,"GROUP_11955","PNEUMOCOCCAL HISTIDINE TRIAD PROTEIN E (BVH-3)","PHTE"
"951",-0.0266567290519181,"PPSA_1","BACITRACIN SYNTHETASE 1 BACA",""
"952",-0.0266602756942566,"VANUG2","VANUG2",""
"953",-0.0267389092519451,"GROUP_4268","SIALIDASE B (NEURAMINIDASE B)","NANB"
"954",-0.0267496246265642,"GROUP_2025","PROTEIN LACX PLASMID",""
"955",-0.0269581143003559,"LACD","TAGATOSE 16-DIPHOSPHATE ALDOLASE",""
"956",-0.0271915227412194,"GROUP_3774","PNEUMOCOCCAL HISTIDINE TRIAD PROTEIN E","PHTE_1"
"957",-0.0272569633933079,"GROUP_5664","COF FAMILY PROTEIN","YBJI"
"958",-0.0273310864463809,"GROUP_3446","MEMBRANE PROTEIN","RR06-1"
"959",-0.0273475147174513,"GROUP_2665","MCRBC 5-METHYLCYTOSINE RESTRICTION SYSTEM COMPONENT","LEUA"
"960",-0.0274396966034401,"GROUP_3450","MEMBRANE PROTEIN",""
"961",-0.027448187936007,"GROUP_13743","TAGATOSE 16-DIPHOSPHATE ALDOLASE","LACD"
"962",-0.0274825640840447,"GROUP_4740","GLYOXALASE FAMILY PROTEIN SUPERFAMILY",""
"963",-0.0277031701278573,"GROUP_5326","ARGININOSUCCINATE SYNTHASE TRUNCATION","ARGG"
"964",-0.0277245801843474,"GROUP_3643","PUTATIVE SORTASE-SORTED SURFACE ANCHORED PROTEIN (PSEUDOGENE)","INLJ"
"965",-0.0277314398092641,"YBJI","COF FAMILY PROTEIN",""
"966",-0.0277415367149743,"GROUP_5599","PHAGE PROTEIN",""
"967",-0.0277795564689764,"SPAP","CELL WALL SURFACE ANCHOR FAMILY PROTEIN",""
"968",-0.0278146054884877,"GROUP_7392","PTS SYSTEM LACTOSE-SPECIFIC IIBC","LACE_2"
"969",-0.0279060112052032,"GROUP_10312","DEACYLASE","DAPE"
"970",-0.0281212415935168,"GROUP_169","CHLOROHYDROLASE",""
"971",-0.0281215964772039,"GROUP_3523","PHAGE PROTEIN",""
"972",-0.0281456784633004,"HOLB","DNA POLYMERASE III DELTA' SUBUNIT",""
"973",-0.0281853138565477,"GROUP_6271","ALPHA MANNOSIDASE","MNGB"
"974",-0.0282102189953226,"GROUP_9044","DRUG EFFLUX ABC TRANSPORTER ATP-BINDING/PERMEASE","IRTB"
"975",-0.0284684485174925,"GROUP_10265","PEPTIDE ABC TRANSPORTER ATP-BINDING PROTEIN","AMIE"
"976",-0.0285245393482256,"AMIE","PEPTIDE ABC TRANSPORTER ATP-BINDING PROTEIN",""
"977",-0.0287128316204068,"TCYA_2","ABC TRANSPORTER SUBSTRATE-BINDING LIPOPROTEIN",""
"978",-0.0287577073477677,"GROUP_7346","ARYLSULFATASE",""
"979",-0.0288903332732687,"GROUP_11818","TRANSPORTER MAJOR FACILITATOR FAMILY PROTEIN",""
"980",-0.0288925888592129,"GROUP_4102","ABC TRANSPORTER MEMBRANE-SPANNING PROTEIN",""
"981",-0.028918738693917,"GROUP_14403","AMINO ACID ABC TRANSPORTER PERMEASE","YECS_1"
"982",-0.0289208637968856,"GROUP_14404","AMINO ACID ABC TRANSPORTER PERMEASE","YECS_3"
"983",-0.0292406596948966,"GROUP_20696","DUF218 DOMAIN",""
"984",-0.0295725742952094,"GROUP_13388","SERINE/THREONINE PROTEIN PHOSPHATASE",""
"985",-0.0296347437076705,"GROUP_17100","PUTATIVE GLUTAMINE AMIDOTRANSFERASE",""
"986",-0.0296428205118708,"GROUP_17099","CHROMOSOME SEGREGATION ATPASE",""
"987",-0.0297144011566174,"GROUP_15969","BIOTIN CARBOXYLASE",""
"988",-0.029718208774584,"GROUP_15959","PUTATIVE SITE-SPECIFIC RECOMBINASE",""
"989",-0.0297242128624177,"PHTD","HISTIDINE TRIAD PROTEIN D",""
"990",-0.0300463987567943,"GROUP_12818","GLYCOSYL TRANSFERASE","PGAC"
"991",-0.0301879525533199,"INLJ","PUTATIVE SORTASE-SORTED SURFACE ANCHORED PROTEIN (PSEUDOGENE)",""
"992",-0.0302020498512377,"GROUP_13747","MAJOR FACILITATOR SUPERFAMILY PERMEASE",""
"993",-0.0302078823012304,"GROUP_13748","MAJOR FACILITATOR SUPERFAMILY PERMEASE",""
"994",-0.0303639342285981,"GROUP_6575","TRANSKETOLASE C-TERMINAL SECTION","TKTC"
"995",-0.0305104151539233,"GROUP_2290","PTS SYSTEM TRANSPORTER SUBUNIT IIA",""
"996",-0.030540941645388,"DINP","DNA POLYMERASE IV",""
"997",-0.0306164826508264,"GROUP_8100","LICHENAN-SPECIFIC PHOSPHOTRANSFERASE ENZYME IIA COMPONENT (PTS SYSTEM LICHENAN-SPECIFIC EIIA COMPONENT) (EIIA-LIC) (EIII-LIC)","LACF_1"
"998",-0.0308038503312969,"GROUP_2562","CHOLINE BINDING PROTEIN E CBPE","LYTB_3"
"999",-0.0308806513581639,"GROUP_13012","DNA POLYMERASE III DELTA' SUBUNIT","HOLB"
"1000",-0.0310332368275397,"GROUP_6100","PROTOHEME FERRO-LYASE","HEMH"
"1001",-0.0313199312478419,"GROUP_292","INTEGRASE CORE DOMAIN-CONTAINING PROTEIN","IS861-TRUNCATION_1"
"1002",-0.0313794618262724,"GLA","GLYCEROL FACILITATOR-AQUAPORIN",""
"1003",-0.0315511313642248,"GROUP_11620","ABC TRANSPORTER SUBSTRATE-BINDING LIPOPROTEIN","TCYA_2"
"1004",-0.0320868584562884,"TKTC","TRANSKETOLASE C-TERMINAL SECTION",""
"1005",-0.0323948293942526,"GROUP_12294","PHAGE TERMINASE LARGE SUBUNIT",""
"1006",-0.0325271961048739,"GROUP_4154","NA+ EXPORT ABC ABC TRANSPORTER MEMBRANE-SPANNING PERMEASE","YHAP"
"1007",-0.0327710248913852,"GROUP_6506","PHAGE PROTEIN",""
"1008",-0.0328043238315354,"AMIF","OLIGOPEPTIDE ABC TRANSPORTER ATP-BINDING PROTEIN AMIF",""
"1009",-0.0331045874347535,"GROUP_8637","PERMEASE",""
"1010",-0.0333313693513407,"GROUP_9586","GLYCOSYL HYDROLASES FAMILY 32","SCRB"
"1011",-0.0334360853003235,"GROUP_4396","PROTEIN OF UNKNOWN FUNCTION (DUF2812)",""
"1012",-0.0334611236494624,"GROUP_11590","INTEGRAL MEMBRANE PROTEIN",""
"1013",-0.0334699727854163,"GROUP_9363","CHLOROHYDROLASE",""
"1014",-0.0335278592816968,"GROUP_4400","PROTEIN OF UNKNOWN FUNCTION (DUF2812)",""
"1015",-0.0339135012927509,"GROUP_7165","N-(5'-PHOSPHORIBOSYL)ANTHRANILATE ISOMERASE","TRPF"
"1016",-0.0339284270733064,"GROUP_4881","PHAGE PROTEIN",""
"1017",-0.0345605880064517,"GSIB","OLIGOPEPTIDE ABC TRANSPORTEROLIGOPEPTIDE-BINDING PROTEIN",""
"1018",-0.0347402325472189,"GROUP_6088","TRANSLATION FACTOR",""
"1019",-0.0348428800988827,"TRPF","N-(5'-PHOSPHORIBOSYL)ANTHRANILATE ISOMERASE",""
"1020",-0.0349881119829359,"AQPZ","AQUAPORIN Z",""
"1021",-0.035345625499406,"GROUP_4163","NA+ ABC TRANSPORTER ATP-BINDING PROTEIN","ECSA_2"
"1022",-0.035360299004489,"GROUP_6014","CHROMOSOME CONDENSATION AND SEGREGATION SMC PROTEIN","SMC"
"1023",-0.0353817699946271,"GROUP_19536","EXCISIONASE",""
"1024",-0.0355547835773297,"GROUP_17790","DNA TRANSLOCASE FTSK","FTSK_1"
"1025",-0.0356172026169461,"GROUP_9525","GLUTAMATE DEHYDROGENASE","GDHA"
"1026",-0.0357263091591472,"GROUP_14730","CRO/CI FAMILY TRANSCRIPTIONAL REGULATOR",""
"1027",-0.0357692171240496,"GROUP_9410","PHAGE PROTEIN",""
"1028",-0.0358894328792802,"MLC","ROK FAMILY PROTEIN PUTATIVE",""
"1029",-0.0359562341339179,"GROUP_4137","MEMBRANE ASSOCIATED PROTEIN",""
"1030",-0.0359601723320195,"GROUP_10274","BETA GLUCANASE","GLCA"
"1031",-0.0362556066887637,"NDVA","ABC TRANSPORTER ATP-BINDING PROTEIN",""
"1032",-0.0366905104575782,"GROUP_11954","PNEUMOCOCCAL HISTIDINE TRIAD PROTEIN E (BVH-3)","PHTE"
"1033",-0.0366962317487877,"PCPA","CHOLINE BINDING PROTEIN PCPA",""
"1034",-0.0367588182903601,"PHTA","PNEUMOCOCCAL HISTIDINE TRIAD PROTEIN A PRECURSOR",""
"1035",-0.0368273036622143,"PEPA_1","PEPTIDASE M42 (GLUTAMYL AMINOPEPTIDASE) FAMILY",""
"1036",-0.0369091980052637,"GROUP_15441","ROK FAMILY PROTEIN PUTATIVE","MLC"
"1037",-0.0369828254885965,"GROUP_11585","INTEGRAL MEMBRANE PROTEIN",""
"1038",-0.0371360675725851,"GROUP_5225","PEPTIDASE M42 (GLUTAMYL AMINOPEPTIDASE) FAMILY","PEPA_1"
"1039",-0.0372276629042399,"GROUP_13459","PHAGE INTEGRASE FAMILY SITE SPECIFIC RECOMBINASE","INT-TN_1"
"1040",-0.0372923188542816,"GROUP_8261","MAJOR FACILITATOR SUPERFAMILY PERMEASE",""
"1041",-0.0373822231559936,"GROUP_2011","N-ACETYLNEURAMINATE LYASE","NANA_1"
"1042",-0.037427307166982,"XERC_2","PROPHAGE MAINTENANCE SYSTEM KILLER PROTEIN",""
"1043",-0.0378439171415492,"PPPA","TYPE 4 PREPILIN PEPTIDASE",""
"1044",-0.0382605799968002,"GROUP_9084","PHAGE PROTEIN",""
"1045",-0.0384868908460068,"GROUP_3467","HELIX-TURN-HELIX DOMAIN PROTEIN",""
"1046",-0.0386869751422305,"SMC","CHROMOSOME CONDENSATION AND SEGREGATION SMC PROTEIN",""
"1047",-0.0387947322310342,"GROUP_4383","INTEGRASE","INT-TN_2"
"1048",-0.039069470474912,"GROUP_8045","SAP DOMAIN-CONTAINING PROTEIN",""
"1049",-0.0401974671337708,"GROUP_7128","TYPE 4 PREPILIN PEPTIDASE","PPPA"
"1050",-0.0406233841242575,"GROUP_11805","LMO0466 PROTEIN",""
"1051",-0.0407148092768321,"PRTP","SERINE PROTEASE",""
"1052",-0.0411967365494335,"GROUP_6258","LIPOPROTEIN PUTATIVE","ALIB2"
"1053",-0.042105315377437,"GROUP_1890","PHAGE PUTATIVE HEAD MORPHOGENESIS PROTEIN SPP1 GP7 FAMILY",""
"1054",-0.0431479588713608,"GROUP_9366","INTEGRAL MEMBRANE PROTEIN",""
"1055",-0.043197037380071,"GROUP_14202","FIC PROTEIN FAMILY",""
"1056",-0.0433884636059158,"GROUP_6162","METHIONYL-TRNA SYNTHETASE","TNPR"
"1057",-0.0434431563168219,"GROUP_423","MOBILE GENETIC ELEMENT","IS1381-TRUNCATION"
"1058",-0.0466394301176556,"MNGB","TWIN-ARGININE TRANSLOCATION PATHWAY SIGNAL",""
"1059",-0.0486452500629379,"GROUP_9367","INTEGRAL MEMBRANE PROTEIN",""
"1060",-0.0491665354998193,"DPNC","TYPE II RESTRICTION ENDONUCLEASE DPNI",""
"1061",-0.0517230021093002,"HHAIM","DNA MODIFICATION METHYLASE",""
"1062",-0.052185489009531,"GROUP_5459","ZINC-CONTAINING ALCOHOL DEHYDROGENASE","XYLB"
"1063",-0.0526184756094648,"PSPC","SURFACE PROTEIN PSPC",""
"1064",-0.0560354104520882,"GROUP_14979","RESTRICTION ENZYME","SAU3AIR"
"1065",-0.0562675091555398,"GROUP_2356","AQUAPORIN Z","AQPZ"
"1066",-0.0580318042161548,"GROUP_4590","MEMBRANE PROTEIN","ARGG"
"1067",-0.0599919314115193,"GROUP_1478","CHOLINE BINDING PROTEIN PCPA","PCPA"
"1068",-0.0637254424302069,"GROUP_8267","MAJOR FACILITATOR SUPERFAMILY PERMEASE",""
"1069",-0.0740385142561015,"GROUP_11133","RESTRICTION ENDONUCLEASE R.XBAI",""
"1070",-0.0763501851350762,"GROUP_18870","CELL WALL BIOSYNTHESIS GLYCOSYLTRANSFERASE","HYAD_2"
"1071",-0.0927838469142657,"GROUP_13524","PLASMID ROLLING CIRCLE REPLICATION INITIATOR PROTEIN",""
"1072",-0.097570139814995,"GROUP_16362","PLASMID RECOMBINATION ENZYME",""
"1073",-0.116160704275322,"GROUP_17942","GLYCOSYL TRANSFERASE","WEFM"
"1074",-6.58540938402494,"(Intercept)",NA,NA
